video_ID,episode_path,fps,duration in frames,width,height,source,signer,text
10000060,./videos_1_avi/2_CiV14101_-_Pr_141_-_27-09-2022_Bl1_audio_00:00:23.000_00:24:50.000_signer02.avi,25,36675,242,236,2,2,./whisperx/2_CiV14101_-_Pr_141_-_27-09-2022_Bl1_audio_00:00:23.000_00:24:50.000_signer02.json
10000061,./videos_1_avi/2_CiV14102_-_Pr_141_-_27-09-2022_Bl2_audio_00:00:12.000_00:16:13.000_signer03.avi,25,24026,242,236,2,3,./whisperx/2_CiV14102_-_Pr_141_-_27-09-2022_Bl2_audio_00:00:12.000_00:16:13.000_signer03.json
10000062,./videos_1_avi/2_CiV14103_-_Pr_141_-_27-09-2022_Bl3_audio_00:00:21.000_00:21:51.500_signer03.avi,25,32263,242,236,2,3,./whisperx/2_CiV14103_-_Pr_141_-_27-09-2022_Bl3_audio_00:00:21.000_00:21:51.500_signer03.json
10000063,./videos_1_avi/2_CiV14104_-_Pr_141_-_27-09-2022_Bl4_audio_00:00:15.750_00:14:27.500_signer03.avi,25,21294,242,236,2,3,./whisperx/2_CiV14104_-_Pr_141_-_27-09-2022_Bl4_audio_00:00:15.750_00:14:27.500_signer03.json
10000064,./videos_1_avi/2_CiV14201_-_Pr_142_-_28-09-2022_Bl1_audio_00:00:24.500_00:23:15.000_signer02.avi,25,34263,242,236,2,2,./whisperx/2_CiV14201_-_Pr_142_-_28-09-2022_Bl1_audio_00:00:24.500_00:23:15.000_signer02.json
10000065,./videos_1_avi/2_CiV14202_-_Pr_142_-_28-09-2022_Bl2_audio_00:00:14.000_00:28:54.000_signer03.avi,25,43000,242,236,2,3,./whisperx/2_CiV14202_-_Pr_142_-_28-09-2022_Bl2_audio_00:00:14.000_00:28:54.000_signer03.json
10000066,./videos_1_avi/2_CiV14203_-_Pr_142_-_28-09-2022_Bl3_audio_00:00:13.000_00:22:25.500_signer03.avi,25,33313,242,236,2,3,./whisperx/2_CiV14203_-_Pr_142_-_28-09-2022_Bl3_audio_00:00:13.000_00:22:25.500_signer03.json
10000067,./videos_1_avi/2_CiV14204_-_Pr_142_-_28-09-2022_Bl4_audio_00:00:12.250_00:09:22.000_signer03.avi,25,13744,242,236,2,3,./whisperx/2_CiV14204_-_Pr_142_-_28-09-2022_Bl4_audio_00:00:12.250_00:09:22.000_signer03.json
10000068,./videos_1_avi/2_CiV14301_-_Pr_143_-_29-09-2022_Bl1_audio_00:00:23.750_00:19:38.000_signer02.avi,25,28857,230,236,2,2,./whisperx/2_CiV14301_-_Pr_143_-_29-09-2022_Bl1_audio_00:00:23.750_00:19:38.000_signer02.json
10000069,./videos_1_avi/2_CiV14302_-_Pr_143_-_29-09-2022_Bl2_audio_00:00:31.250_00:23:17.000_signer03.avi,25,34145,230,236,2,3,./whisperx/2_CiV14302_-_Pr_143_-_29-09-2022_Bl2_audio_00:00:31.250_00:23:17.000_signer03.json
10000070,./videos_1_avi/2_CiV14303_-_Pr_143_-_29-09-2022_Bl3_audio_00:00:29.500_00:24:29.250_signer03.avi,25,35995,230,236,2,3,./whisperx/2_CiV14303_-_Pr_143_-_29-09-2022_Bl3_audio_00:00:29.500_00:24:29.250_signer03.json
10000071,./videos_1_avi/2_CiV14401_-_Pr_144_-_30-09-2022_Bl1_audio_00:00:23.000_00:17:18.000_signer02.avi,25,25375,242,236,2,2,./whisperx/2_CiV14401_-_Pr_144_-_30-09-2022_Bl1_audio_00:00:23.000_00:17:18.000_signer02.json
10000072,./videos_1_avi/2_CiV14402_-_Pr_144_-_30-09-2022_Bl2_audio_00:00:14.500_00:20:16.750_signer03.avi,25,30058,242,236,2,3,./whisperx/2_CiV14402_-_Pr_144_-_30-09-2022_Bl2_audio_00:00:14.500_00:20:16.750_signer03.json
10000073,./videos_1_avi/2_CiV14403_-_Pr_144_-_30-09-2022_Bl3_audio_00:00:13.000_00:25:01.750_signer03.avi,25,37219,242,236,2,3,./whisperx/2_CiV14403_-_Pr_144_-_30-09-2022_Bl3_audio_00:00:13.000_00:25:01.750_signer03.json
10000074,./videos_1_avi/2_CiV14404_-_Pr_144_-_30-09-2022_Bl4_audio_00:00:18.000_00:15:50.000_signer03.avi,25,23301,242,236,2,3,./whisperx/2_CiV14404_-_Pr_144_-_30-09-2022_Bl4_audio_00:00:18.000_00:15:50.000_signer03.json
10000075,./videos_1_avi/2_CiV14501_-_Pr_145_-_03-10-2022_Bl1_audio_00:00:19.000_00:14:12.000_signer02.avi,25,20826,230,236,2,2,./whisperx/2_CiV14501_-_Pr_145_-_03-10-2022_Bl1_audio_00:00:19.000_00:14:12.000_signer02.json
10000076,./videos_1_avi/2_CiV14502_-_Pr_145_-_03-10-2022_Bl2_audio_00:00:11.000_00:20:15.500_signer03.avi,25,30114,230,236,2,3,./whisperx/2_CiV14502_-_Pr_145_-_03-10-2022_Bl2_audio_00:00:11.000_00:20:15.500_signer03.json
10000077,./videos_1_avi/2_CiV14503_-_Pr_145_-_03-10-2022_Bl3_audio_00:00:10.000_00:19:18.000_signer03.avi,25,28701,230,236,2,3,./whisperx/2_CiV14503_-_Pr_145_-_03-10-2022_Bl3_audio_00:00:10.000_00:19:18.000_signer03.json
10000078,./videos_1_avi/2_CiV14504_-_Pr_145_-_03-10-2022_Bl4_audio_00:00:10.000_00:19:28.000_signer03.avi,25,28951,230,236,2,3,./whisperx/2_CiV14504_-_Pr_145_-_03-10-2022_Bl4_audio_00:00:10.000_00:19:28.000_signer03.json
10000079,./videos_1_avi/2_IDC00402-Pr04-B2_audio_00:02:57.000_00:19:48.000_signer04.avi,25,25276,242,238,2,4,./whisperx/2_IDC00402-Pr04-B2_audio_00:02:57.000_00:19:48.000_signer04.json
10000080,./videos_1_avi/2_IDC00403-Pr04_B3_audio_00:00:14.000_00:03:30.000_signer04.avi,25,4900,242,238,2,4,./whisperx/2_IDC00403-Pr04_B3_audio_00:00:14.000_00:03:30.000_signer04.json
10000081,./videos_1_avi/2_IDC00501-Pr05Bl1_audio_00:00:12.000_00:01:00.000_signer04.avi,25,1201,242,238,2,4,./whisperx/2_IDC00501-Pr05Bl1_audio_00:00:12.000_00:01:00.000_signer04.json
10000082,./videos_1_avi/2_IDC00501-Pr05Bl1_audio_00:01:32.500_00:21:12.500_signer04.avi,25,29501,242,238,2,4,./whisperx/2_IDC00501-Pr05Bl1_audio_00:01:32.500_00:21:12.500_signer04.json
10000083,./videos_1_avi/2_IDC00502-Pr05Bl2_audio_00:00:11.000_00:20:44.000_signer04.avi,25,30826,242,238,2,4,./whisperx/2_IDC00502-Pr05Bl2_audio_00:00:11.000_00:20:44.000_signer04.json
10000084,./videos_1_avi/2_IDC00503-Pr05Bl3_audio_00:00:11.000_00:10:36.000_signer04.avi,25,15626,242,238,2,4,./whisperx/2_IDC00503-Pr05Bl3_audio_00:00:11.000_00:10:36.000_signer04.json
10000085,./videos_1_avi/2_IDC00601-Pr06Bl1_audio_00:00:11.000_00:17:31.000_signer04.avi,25,26001,242,238,2,4,./whisperx/2_IDC00601-Pr06Bl1_audio_00:00:11.000_00:17:31.000_signer04.json
10000086,./videos_1_avi/2_IDC00603-Pr06Bl3_audio_00:00:12.000_00:11:34.000_signer04.avi,25,17051,242,238,2,4,./whisperx/2_IDC00603-Pr06Bl3_audio_00:00:12.000_00:11:34.000_signer04.json
10000087,./videos_1_avi/2_LLC16701-Pr83-26-09-2022B1_audio_00:00:21.000_00:22:46.000_signer05.avi,25,33625,230,236,2,5,./whisperx/2_LLC16701-Pr83-26-09-2022B1_audio_00:00:21.000_00:22:46.000_signer05.json
10000088,./videos_1_avi/2_LLC16702-Pr83-26-09-2022B2_audio_00:00:08.250_00:20:43.000_signer05.avi,25,30870,230,236,2,5,./whisperx/2_LLC16702-Pr83-26-09-2022B2_audio_00:00:08.250_00:20:43.000_signer05.json
10000089,./videos_1_avi/2_LLC16703-Pr83-26-09-2022B3_audio_00:00:09.500_00:13:01.000_signer05.avi,25,19288,230,236,2,5,./whisperx/2_LLC16703-Pr83-26-09-2022B3_audio_00:00:09.500_00:13:01.000_signer05.json
10000090,./videos_1_avi/2_MVDCentral26-9-2022B1_audio_00:00:18.000_01:08:26.000_signer05.avi,25,102201,230,236,2,5,./whisperx/2_MVDCentral26-9-2022B1_audio_00:00:18.000_01:08:26.000_signer05.json
10000091,./videos_1_avi/2_MVDCentral26-9-2022B2_audio_00:00:07.000_00:06:33.500_signer05.avi,25,9663,230,236,2,5,./whisperx/2_MVDCentral26-9-2022B2_audio_00:00:07.000_00:06:33.500_signer05.json
10000092,./videos_1_avi/2_MiM16201-Pr362-26-09-2022B1_audio_00:00:24.500_00:33:51.000_signer06.avi,25,50163,230,236,2,6,./whisperx/2_MiM16201-Pr362-26-09-2022B1_audio_00:00:24.500_00:33:51.000_signer06.json
10000093,./videos_1_avi/2_MiM16202-Pr362-26-09-2022B2_audio_00:00:07.000_00:06:56.000_signer06.avi,25,10225,230,236,2,6,./whisperx/2_MiM16202-Pr362-26-09-2022B2_audio_00:00:07.000_00:06:56.000_signer06.json
10000094,./videos_1_avi/2_MiM16202-Pr362-26-09-2022B2_audio_00:09:43.000_00:16:45.000_signer06.avi,25,10550,230,236,2,6,./whisperx/2_MiM16202-Pr362-26-09-2022B2_audio_00:09:43.000_00:16:45.000_signer06.json
10000095,./videos_1_avi/2_MiM16301-Pr364-28-09-2022B1_audio_00:00:25.500_00:15:14.000_signer04.avi,25,22213,230,236,2,4,./whisperx/2_MiM16301-Pr364-28-09-2022B1_audio_00:00:25.500_00:15:14.000_signer04.json
10000096,./videos_1_avi/2_MiM16301-Pr364-28-09-2022B1_audio_00:22:04.000_00:31:41.000_signer04.avi,25,14426,230,236,2,4,./whisperx/2_MiM16301-Pr364-28-09-2022B1_audio_00:22:04.000_00:31:41.000_signer04.json
10000097,./videos_1_avi/2_MiM16302-Pr364-28-09-2022B2_audio_00:00:07.000_00:17:47.000_signer04.avi,25,26500,230,236,2,4,./whisperx/2_MiM16302-Pr364-28-09-2022B2_audio_00:00:07.000_00:17:47.000_signer04.json
10000098,./videos_1_avi/2_MiM16303-Pr365-29-09-2022B1_audio_00:00:25.250_00:30:48.500_signer06.avi,25,45583,230,236,2,6,./whisperx/2_MiM16303-Pr365-29-09-2022B1_audio_00:00:25.250_00:30:48.500_signer06.json
10000099,./videos_1_avi/2_MiM16304-Pr365-29-09-2022B2_audio_00:00:05.000_00:21:02.000_signer06.avi,25,31425,230,236,2,6,./whisperx/2_MiM16304-Pr365-29-09-2022B2_audio_00:00:05.000_00:21:02.000_signer06.json
10000100,./videos_1_avi/2_SoC03601-Pr01Bl1DptodeQuímicadelLitoral-Paysandú_audio_00:00:10.000_00:07:09.500_signer06.avi,25,10489,258,244,2,6,./whisperx/2_SoC03601-Pr01Bl1DptodeQuímicadelLitoral-Paysandú_audio_00:00:10.000_00:07:09.500_signer06.json
10000101,./videos_1_avi/2_SoC03601-Pr01Bl1DptodeQuímicadelLitoral-Paysandú_audio_00:10:55.500_00:11:31.750_signer06.avi,25,908,258,244,2,6,./whisperx/2_SoC03601-Pr01Bl1DptodeQuímicadelLitoral-Paysandú_audio_00:10:55.500_00:11:31.750_signer06.json
10000102,./videos_1_avi/2_SoC03601-Pr01Bl1DptodeQuímicadelLitoral-Paysandú_audio_00:15:56.500_00:17:05.250_signer06.avi,25,1720,258,244,2,6,./whisperx/2_SoC03601-Pr01Bl1DptodeQuímicadelLitoral-Paysandú_audio_00:15:56.500_00:17:05.250_signer06.json
10000103,./videos_1_avi/2_SoC03601-Pr01Bl1DptodeQuímicadelLitoral-Paysandú_audio_00:20:02.000_00:22:17.750_signer06.avi,25,3395,258,244,2,6,./whisperx/2_SoC03601-Pr01Bl1DptodeQuímicadelLitoral-Paysandú_audio_00:20:02.000_00:22:17.750_signer06.json
10000104,./videos_1_avi/2_SoC03602-Pr01Bl2DptodeQuímicadelLitoral-Paysandú_audio_00:00:21.500_00:15:33.000_signer06.avi,25,22789,258,244,2,6,./whisperx/2_SoC03602-Pr01Bl2DptodeQuímicadelLitoral-Paysandú_audio_00:00:21.500_00:15:33.000_signer06.json
10000105,./videos_1_avi/2_SoC03603-Pr01Bl3DptodeQuímicadelLitoral-Paysandú_audio_00:00:12.000_00:15:52.500_signer06.avi,25,23514,258,244,2,6,./whisperx/2_SoC03603-Pr01Bl3DptodeQuímicadelLitoral-Paysandú_audio_00:00:12.000_00:15:52.500_signer06.json
10000106,./videos_1_avi/2_SoC03604-Pr02Bl1Tuberculosis-InformeOSE_audio_00:00:08.000_00:14:32.500_signer06.avi,25,21614,258,244,2,6,./whisperx/2_SoC03604-Pr02Bl1Tuberculosis-InformeOSE_audio_00:00:08.000_00:14:32.500_signer06.json
10000107,./videos_1_avi/2_SoC03605-Pr02Bl2Tuberculosis-InformeOSE_audio_00:00:24.000_00:30:07.000_signer06.avi,25,44576,252,244,2,6,./whisperx/2_SoC03605-Pr02Bl2Tuberculosis-InformeOSE_audio_00:00:24.000_00:30:07.000_signer06.json
10000108,./videos_1_avi/2_SoC03606-Pr02Bl3Tuberculosis-InformeOSE_audio_00:00:10.000_00:12:37.000_signer06.avi,25,18676,252,244,2,6,./whisperx/2_SoC03606-Pr02Bl3Tuberculosis-InformeOSE_audio_00:00:10.000_00:12:37.000_signer06.json
10000109,./videos_1_avi/2_SoC03701-Pr03Bl1Microscopios-Info.LOreal-Info.URSEA_audio_00:00:07.500_00:15:23.000_signer06.avi,25,22889,258,244,2,6,./whisperx/2_SoC03701-Pr03Bl1Microscopios-Info.LOreal-Info.URSEA_audio_00:00:07.500_00:15:23.000_signer06.json
10000110,./videos_1_avi/2_SoC03702-Pr03Bl2Microscopios-Info.LOreal-Info.URSEA_audio_00:00:23.000_00:23:30.000_signer06.avi,25,34675,258,244,2,6,./whisperx/2_SoC03702-Pr03Bl2Microscopios-Info.LOreal-Info.URSEA_audio_00:00:23.000_00:23:30.000_signer06.json
10000111,./videos_1_avi/2_SoC03703-Pr03Bl3Microscopios-Info.LOreal-Info.URSEA_audio_00:00:10.500_00:10:59.000_signer06.avi,25,16213,258,244,2,6,./whisperx/2_SoC03703-Pr03Bl3Microscopios-Info.LOreal-Info.URSEA_audio_00:00:10.500_00:10:59.000_signer06.json
10000112,./videos_1_avi/2_SoC03704-Pr04-Virología-GranizoBl1_audio_00:00:25.000_00:17:24.000_signer04.avi,25,25476,258,244,2,4,./whisperx/2_SoC03704-Pr04-Virología-GranizoBl1_audio_00:00:25.000_00:17:24.000_signer04.json
10000113,./videos_1_avi/2_SoC03705-Pr04-Virología-GranizoBl2_audio_00:00:29.000_00:26:43.000_signer04.avi,25,39350,258,244,2,4,./whisperx/2_SoC03705-Pr04-Virología-GranizoBl2_audio_00:00:29.000_00:26:43.000_signer04.json
10000114,./videos_1_avi/2_SoC03706-Pr04-Virología-GranizoBl3_audio_00:00:19.000_00:10:25.000_signer04.avi,25,15151,258,244,2,4,./whisperx/2_SoC03706-Pr04-Virología-GranizoBl3_audio_00:00:19.000_00:10:25.000_signer04.json
10000115,./videos_1_avi/2_SoC03801-Pr05InformeIPAVB1_audio_00:00:04.000_00:17:32.000_signer02.avi,25,26201,258,244,2,2,./whisperx/2_SoC03801-Pr05InformeIPAVB1_audio_00:00:04.000_00:17:32.000_signer02.json
10000116,./videos_1_avi/2_SoC03802-Pr05InformeIPAVB2_audio_00:00:20.000_00:27:17.000_signer02.avi,25,40426,258,244,2,2,./whisperx/2_SoC03802-Pr05InformeIPAVB2_audio_00:00:20.000_00:27:17.000_signer02.json
10000117,./videos_1_avi/2_SoC03803-Pr05InformeIPAVB3_audio_00:00:09.000_00:09:13.000_signer02.avi,25,13601,258,244,2,2,./whisperx/2_SoC03803-Pr05InformeIPAVB3_audio_00:00:09.000_00:09:13.000_signer02.json
10000118,"./videos_1_avi/2_SoC03804-Pr06Mojica,F.Tancredi,G.B1_audio_00:00:08.000_00:17:52.000_signer02.avi",25,26601,258,244,2,2,"./whisperx/2_SoC03804-Pr06Mojica,F.Tancredi,G.B1_audio_00:00:08.000_00:17:52.000_signer02.json"
10000119,"./videos_1_avi/2_SoC03805-Pr06Mojica,F.Tancredi,G.B2_audio_00:00:24.000_00:22:27.000_signer02.avi",25,33076,258,244,2,2,"./whisperx/2_SoC03805-Pr06Mojica,F.Tancredi,G.B2_audio_00:00:24.000_00:22:27.000_signer02.json"
10000120,"./videos_1_avi/2_SoC03806-Pr06Mojica,F.Tancredi,G.B3_audio_00:00:13.000_00:12:27.000_signer02.avi",25,18350,258,244,2,2,"./whisperx/2_SoC03806-Pr06Mojica,F.Tancredi,G.B3_audio_00:00:13.000_00:12:27.000_signer02.json"
10000121,"./videos_1_avi/2_SoC03901-Pr07Bl1Ok-Ruiz,Paul-Inf.APPPsicoLectura_audio_00:00:11.500_00:13:33.000_signer02.avi",25,20038,258,244,2,2,"./whisperx/2_SoC03901-Pr07Bl1Ok-Ruiz,Paul-Inf.APPPsicoLectura_audio_00:00:11.500_00:13:33.000_signer02.json"
10000122,"./videos_1_avi/2_SoC03902-Pr07Bl2Ok-Ruiz,Paul-Inf.APPPsicoLectura_audio_00:00:24.000_00:22:41.000_signer02.avi",25,33426,258,244,2,2,"./whisperx/2_SoC03902-Pr07Bl2Ok-Ruiz,Paul-Inf.APPPsicoLectura_audio_00:00:24.000_00:22:41.000_signer02.json"
10000123,"./videos_1_avi/2_SoC03903-Pr07Bl3Ok-Ruiz,Paul-Inf.APPPsicoLectura_audio_00:00:10.500_00:14:50.000_signer02.avi",25,21988,258,244,2,2,"./whisperx/2_SoC03903-Pr07Bl3Ok-Ruiz,Paul-Inf.APPPsicoLectura_audio_00:00:10.500_00:14:50.000_signer02.json"
10000124,./videos_1_avi/2_SoC04001-Pr08-PlanCEIBALBl1_audio_00:00:07.500_00:14:36.000_signer02.avi,25,21714,258,244,2,2,./whisperx/2_SoC04001-Pr08-PlanCEIBALBl1_audio_00:00:07.500_00:14:36.000_signer02.json
10000125,./videos_1_avi/2_SoC04002-Pr08-PlanCEIBALBl2_audio_00:00:22.000_00:14:05.500_signer02.avi,25,20588,258,244,2,2,./whisperx/2_SoC04002-Pr08-PlanCEIBALBl2_audio_00:00:22.000_00:14:05.500_signer02.json
10000126,./videos_1_avi/2_SoC04101-Pr09Bl1ProgramaIIBCE-Abejas_audio_00:00:04.500_00:14:32.500_signer02.avi,25,21701,258,244,2,2,./whisperx/2_SoC04101-Pr09Bl1ProgramaIIBCE-Abejas_audio_00:00:04.500_00:14:32.500_signer02.json
10000127,./videos_1_avi/2_SoC04102-Pr09Bl2ProgramaIIBCE-Abejas_audio_00:00:44.000_00:29:20.000_signer02.avi,25,42901,258,244,2,2,./whisperx/2_SoC04102-Pr09Bl2ProgramaIIBCE-Abejas_audio_00:00:44.000_00:29:20.000_signer02.json
10000128,./videos_1_avi/2_SoC04103-Pr09Bl3ProgramaIIBCE-Abejas_audio_00:00:23.000_00:10:48.500_signer02.avi,25,15638,258,244,2,2,./whisperx/2_SoC04103-Pr09Bl3ProgramaIIBCE-Abejas_audio_00:00:23.000_00:10:48.500_signer02.json
10000129,./videos_1_avi/2_SoC04104-Pr10Bl1CienciayDDHH_audio_00:00:13.500_00:16:11.000_signer02.avi,25,23939,258,244,2,2,./whisperx/2_SoC04104-Pr10Bl1CienciayDDHH_audio_00:00:13.500_00:16:11.000_signer02.json
10000130,./videos_1_avi/2_SoC04105-Pr10Bl2CienciayDDHH_audio_00:00:22.000_00:27:48.500_signer02.avi,25,41163,258,244,2,2,./whisperx/2_SoC04105-Pr10Bl2CienciayDDHH_audio_00:00:22.000_00:27:48.500_signer02.json
10000131,./videos_1_avi/2_SoC04106-Pr10Bl3CienciayDDHH_audio_00:00:12.000_00:13:08.000_signer02.avi,25,19401,258,244,2,2,./whisperx/2_SoC04106-Pr10Bl3CienciayDDHH_audio_00:00:12.000_00:13:08.000_signer02.json
10000132,./videos_1_avi/2_SoC04301-Pr11-Megafauna-CienciayDesarrolloBl1_audio_00:00:09.000_00:17:58.000_signer02.avi,25,26726,258,244,2,2,./whisperx/2_SoC04301-Pr11-Megafauna-CienciayDesarrolloBl1_audio_00:00:09.000_00:17:58.000_signer02.json
10000133,./videos_1_avi/2_SoC04302-Pr11-Megafauna-CienciayDesarrolloBl2_audio_00:00:24.000_00:23:34.000_signer02.avi,25,34751,258,244,2,2,./whisperx/2_SoC04302-Pr11-Megafauna-CienciayDesarrolloBl2_audio_00:00:24.000_00:23:34.000_signer02.json
10000134,./videos_1_avi/2_SoC04303-Pr11-Megafauna-CienciayDesarrolloBl3_audio_00:00:08.000_00:13:23.000_signer02.avi,25,19876,258,244,2,2,./whisperx/2_SoC04303-Pr11-Megafauna-CienciayDesarrolloBl3_audio_00:00:08.000_00:13:23.000_signer02.json
10000135,./videos_1_avi/2_SoC04304-Pr12-EspeciesexóticasB1_audio_00:00:08.000_00:16:49.000_signer02.avi,25,25026,258,244,2,2,./whisperx/2_SoC04304-Pr12-EspeciesexóticasB1_audio_00:00:08.000_00:16:49.000_signer02.json
10000136,./videos_1_avi/2_SoC04305-Pr12-EspeciesexóticasB2_audio_00:00:22.000_00:22:12.500_signer02.avi,25,32763,258,244,2,2,./whisperx/2_SoC04305-Pr12-EspeciesexóticasB2_audio_00:00:22.000_00:22:12.500_signer02.json
10000137,./videos_1_avi/2_SoC04306-Pr12-EspeciesexóticasB3_audio_00:00:11.000_00:10:10.000_signer02.avi,25,14976,258,244,2,2,./whisperx/2_SoC04306-Pr12-EspeciesexóticasB3_audio_00:00:11.000_00:10:10.000_signer02.json
10000138,./videos_1_avi/3_2017_11_Noviembre_1-11_cit_38_-_2017-11-01_SENADO_completo_audio_00:06:36.000_00:26:08.000_signer09.avi,25,29300,348,390,3,9,./whisperx/3_2017_11_Noviembre_1-11_cit_38_-_2017-11-01_SENADO_completo_audio_00:06:36.000_00:26:08.000_signer09.json
10000139,./videos_1_avi/3_2017_11_Noviembre_1-11_cit_38_-_2017-11-01_SENADO_completo_audio_00:26:11.000_00:45:11.000_signer07.avi,25,28500,348,390,3,7,./whisperx/3_2017_11_Noviembre_1-11_cit_38_-_2017-11-01_SENADO_completo_audio_00:26:11.000_00:45:11.000_signer07.json
10000140,./videos_1_avi/3_2017_11_Noviembre_1-11_cit_38_-_2017-11-01_SENADO_completo_audio_00:45:13.000_01:05:16.500_signer09.avi,25,30088,348,390,3,9,./whisperx/3_2017_11_Noviembre_1-11_cit_38_-_2017-11-01_SENADO_completo_audio_00:45:13.000_01:05:16.500_signer09.json
10000141,./videos_1_avi/3_2017_11_Noviembre_1-11_cit_38_-_2017-11-01_SENADO_completo_audio_01:05:18.500_01:27:41.000_signer07.avi,25,33564,348,390,3,7,./whisperx/3_2017_11_Noviembre_1-11_cit_38_-_2017-11-01_SENADO_completo_audio_01:05:18.500_01:27:41.000_signer07.json
10000142,./videos_1_avi/3_2017_11_Noviembre_1-11_cit_38_-_2017-11-01_SENADO_completo_audio_01:27:44.000_01:45:59.000_signer09.avi,25,27376,348,390,3,9,./whisperx/3_2017_11_Noviembre_1-11_cit_38_-_2017-11-01_SENADO_completo_audio_01:27:44.000_01:45:59.000_signer09.json
10000143,./videos_1_avi/3_2017_11_Noviembre_1-11_cit_38_-_2017-11-01_SENADO_completo_audio_01:46:01.000_02:10:40.000_signer07.avi,25,36975,348,390,3,7,./whisperx/3_2017_11_Noviembre_1-11_cit_38_-_2017-11-01_SENADO_completo_audio_01:46:01.000_02:10:40.000_signer07.json
10000144,./videos_1_avi/3_2017_11_Noviembre_1-11_cit_38_-_2017-11-01_SENADO_completo_audio_02:10:42.000_02:37:49.000_signer09.avi,25,40676,348,390,3,9,./whisperx/3_2017_11_Noviembre_1-11_cit_38_-_2017-11-01_SENADO_completo_audio_02:10:42.000_02:37:49.000_signer09.json
10000145,./videos_1_avi/3_2017_11_Noviembre_1-11_cit_38_-_2017-11-01_SENADO_completo_audio_02:37:52.000_02:58:24.000_signer07.avi,25,30801,348,390,3,7,./whisperx/3_2017_11_Noviembre_1-11_cit_38_-_2017-11-01_SENADO_completo_audio_02:37:52.000_02:58:24.000_signer07.json
10000146,./videos_1_avi/3_2017_11_Noviembre_1-11_cit_38_-_2017-11-01_SENADO_completo_audio_02:58:27.000_03:20:39.000_signer09.avi,25,33300,348,390,3,9,./whisperx/3_2017_11_Noviembre_1-11_cit_38_-_2017-11-01_SENADO_completo_audio_02:58:27.000_03:20:39.000_signer09.json
10000147,./videos_1_avi/3_2017_11_Noviembre_1-11_cit_38_-_2017-11-01_SENADO_completo_audio_03:20:42.000_03:55:52.500_signer07.avi,25,52764,348,390,3,7,./whisperx/3_2017_11_Noviembre_1-11_cit_38_-_2017-11-01_SENADO_completo_audio_03:20:42.000_03:55:52.500_signer07.json
10000148,./videos_1_avi/3_2017_11_Noviembre_1-11_cit_38_-_2017-11-01_SENADO_completo_audio_03:55:55.000_03:56:15.000_signer09.avi,25,501,348,390,3,9,./whisperx/3_2017_11_Noviembre_1-11_cit_38_-_2017-11-01_SENADO_completo_audio_03:55:55.000_03:56:15.000_signer09.json
10000149,./videos_1_avi/3_2017_11_Noviembre_1-11_cit_38_-_2017-11-01_SENADO_completo_audio_04:21:33.000_04:39:16.500_signer09.avi,25,26588,348,390,3,9,./whisperx/3_2017_11_Noviembre_1-11_cit_38_-_2017-11-01_SENADO_completo_audio_04:21:33.000_04:39:16.500_signer09.json
10000150,./videos_1_avi/3_2017_11_Noviembre_1-11_cit_38_-_2017-11-01_SENADO_completo_audio_04:39:20.000_05:01:30.500_signer07.avi,25,33264,348,390,3,7,./whisperx/3_2017_11_Noviembre_1-11_cit_38_-_2017-11-01_SENADO_completo_audio_04:39:20.000_05:01:30.500_signer07.json
10000151,./videos_1_avi/3_2017_11_Noviembre_1-11_cit_38_-_2017-11-01_SENADO_completo_audio_05:01:34.000_05:26:16.000_signer09.avi,25,37051,348,390,3,9,./whisperx/3_2017_11_Noviembre_1-11_cit_38_-_2017-11-01_SENADO_completo_audio_05:01:34.000_05:26:16.000_signer09.json
10000152,./videos_1_avi/3_2017_11_Noviembre_1-11_cit_38_-_2017-11-01_SENADO_completo_audio_05:26:18.000_05:50:27.500_signer07.avi,25,36238,348,390,3,7,./whisperx/3_2017_11_Noviembre_1-11_cit_38_-_2017-11-01_SENADO_completo_audio_05:26:18.000_05:50:27.500_signer07.json
10000153,./videos_1_avi/3_2017_11_Noviembre_1-11_cit_38_-_2017-11-01_SENADO_completo_audio_05:50:33.000_06:15:01.000_signer09.avi,25,36701,348,390,3,9,./whisperx/3_2017_11_Noviembre_1-11_cit_38_-_2017-11-01_SENADO_completo_audio_05:50:33.000_06:15:01.000_signer09.json
10000154,./videos_1_avi/3_2017_11_Noviembre_1-11_cit_38_-_2017-11-01_SENADO_completo_audio_06:15:03.700_06:41:30.200_signer07.avi,25,39664,348,390,3,7,./whisperx/3_2017_11_Noviembre_1-11_cit_38_-_2017-11-01_SENADO_completo_audio_06:15:03.700_06:41:30.200_signer07.json
10000155,./videos_1_avi/3_2017_11_Noviembre_1-11_cit_38_-_2017-11-01_SENADO_completo_audio_06:41:35.000_07:02:28.000_signer09.avi,25,31325,348,390,3,9,./whisperx/3_2017_11_Noviembre_1-11_cit_38_-_2017-11-01_SENADO_completo_audio_06:41:35.000_07:02:28.000_signer09.json
10000156,./videos_1_avi/3_2017_11_Noviembre_1-11_cit_38_-_2017-11-01_SENADO_completo_audio_07:02:31.500_07:08:13.500_signer07.avi,25,8551,348,390,3,7,./whisperx/3_2017_11_Noviembre_1-11_cit_38_-_2017-11-01_SENADO_completo_audio_07:02:31.500_07:08:13.500_signer07.json
10000157,./videos_1_avi/3_2017_11_Noviembre_14-11_cit_41_-_2017-11-14_SENADO_audio_00:08:53.000_00:19:55.000_signer10.avi,25,16550,348,390,3,10,./whisperx/3_2017_11_Noviembre_14-11_cit_41_-_2017-11-14_SENADO_audio_00:08:53.000_00:19:55.000_signer10.json
10000158,./videos_1_avi/3_2017_11_Noviembre_14-11_cit_41_-_2017-11-14_SENADO_audio_00:19:57.000_00:34:21.000_signer11.avi,25,21601,348,390,3,11,./whisperx/3_2017_11_Noviembre_14-11_cit_41_-_2017-11-14_SENADO_audio_00:19:57.000_00:34:21.000_signer11.json
10000159,./videos_1_avi/3_2017_11_Noviembre_14-11_cit_41_-_2017-11-14_SENADO_audio_00:34:23.000_00:50:41.000_signer10.avi,25,24451,348,390,3,10,./whisperx/3_2017_11_Noviembre_14-11_cit_41_-_2017-11-14_SENADO_audio_00:34:23.000_00:50:41.000_signer10.json
10000160,./videos_1_avi/3_2017_11_Noviembre_14-11_cit_41_-_2017-11-14_SENADO_audio_00:50:43.000_01:10:10.000_signer11.avi,25,29175,348,390,3,11,./whisperx/3_2017_11_Noviembre_14-11_cit_41_-_2017-11-14_SENADO_audio_00:50:43.000_01:10:10.000_signer11.json
10000161,./videos_1_avi/3_2017_11_Noviembre_14-11_cit_41_-_2017-11-14_SENADO_audio_01:10:11.500_01:29:40.500_signer10.avi,25,29225,348,390,3,10,./whisperx/3_2017_11_Noviembre_14-11_cit_41_-_2017-11-14_SENADO_audio_01:10:11.500_01:29:40.500_signer10.json
10000162,./videos_1_avi/3_2017_11_Noviembre_14-11_cit_41_-_2017-11-14_SENADO_audio_01:29:43.000_01:58:11.800_signer11.avi,25,42721,348,390,3,11,./whisperx/3_2017_11_Noviembre_14-11_cit_41_-_2017-11-14_SENADO_audio_01:29:43.000_01:58:11.800_signer11.json
10000163,./videos_1_avi/3_2017_11_Noviembre_14-11_cit_41_-_2017-11-14_SENADO_audio_01:58:13.500_02:20:12.000_signer10.avi,25,32964,348,390,3,10,./whisperx/3_2017_11_Noviembre_14-11_cit_41_-_2017-11-14_SENADO_audio_01:58:13.500_02:20:12.000_signer10.json
10000164,./videos_1_avi/3_2017_11_Noviembre_14-11_cit_41_-_2017-11-14_SENADO_audio_02:20:13.500_02:40:13.000_signer11.avi,25,29988,348,390,3,11,./whisperx/3_2017_11_Noviembre_14-11_cit_41_-_2017-11-14_SENADO_audio_02:20:13.500_02:40:13.000_signer11.json
10000165,./videos_1_avi/3_2017_11_Noviembre_14-11_cit_41_-_2017-11-14_SENADO_audio_02:40:15.000_03:01:22.000_signer10.avi,25,31676,348,390,3,10,./whisperx/3_2017_11_Noviembre_14-11_cit_41_-_2017-11-14_SENADO_audio_02:40:15.000_03:01:22.000_signer10.json
10000166,./videos_1_avi/3_2017_11_Noviembre_14-11_cit_41_-_2017-11-14_SENADO_audio_03:01:25.000_03:22:08.000_signer11.avi,25,31076,348,390,3,11,./whisperx/3_2017_11_Noviembre_14-11_cit_41_-_2017-11-14_SENADO_audio_03:01:25.000_03:22:08.000_signer11.json
10000167,./videos_1_avi/3_2017_11_Noviembre_14-11_cit_41_-_2017-11-14_SENADO_audio_03:22:10.000_03:42:12.000_signer10.avi,25,30051,348,390,3,10,./whisperx/3_2017_11_Noviembre_14-11_cit_41_-_2017-11-14_SENADO_audio_03:22:10.000_03:42:12.000_signer10.json
10000168,./videos_1_avi/3_2017_11_Noviembre_14-11_cit_41_-_2017-11-14_SENADO_audio_03:42:14.000_03:58:12.000_signer11.avi,25,23951,348,390,3,11,./whisperx/3_2017_11_Noviembre_14-11_cit_41_-_2017-11-14_SENADO_audio_03:42:14.000_03:58:12.000_signer11.json
10000169,./videos_1_avi/3_2017_11_Noviembre_15-11_cit_42_-_2017-11-15_SENADO_parte_2_audio_00:32:37.500_00:49:20.000_signer07.avi,25,25064,340,390,3,7,./whisperx/3_2017_11_Noviembre_15-11_cit_42_-_2017-11-15_SENADO_parte_2_audio_00:32:37.500_00:49:20.000_signer07.json
10000170,./videos_1_avi/3_2017_11_Noviembre_15-11_cit_42_-_2017-11-15_SENADO_parte_2_audio_00:49:22.000_01:16:09.000_signer08.avi,25,40176,340,390,3,8,./whisperx/3_2017_11_Noviembre_15-11_cit_42_-_2017-11-15_SENADO_parte_2_audio_00:49:22.000_01:16:09.000_signer08.json
10000171,./videos_1_avi/3_2017_11_Noviembre_15-11_cit_42_-_2017-11-15_SENADO_parte_2_audio_01:16:11.000_01:48:18.000_signer07.avi,25,48176,340,390,3,7,./whisperx/3_2017_11_Noviembre_15-11_cit_42_-_2017-11-15_SENADO_parte_2_audio_01:16:11.000_01:48:18.000_signer07.json
10000172,./videos_1_avi/3_2017_11_Noviembre_15-11_cit_42_-_2017-11-15_SENADO_parte_2_audio_01:48:20.000_02:11:03.000_signer08.avi,25,34076,340,390,3,8,./whisperx/3_2017_11_Noviembre_15-11_cit_42_-_2017-11-15_SENADO_parte_2_audio_01:48:20.000_02:11:03.000_signer08.json
10000173,./videos_1_avi/3_2017_11_Noviembre_15-11_cit_42_-_2017-11-15_SENADO_parte_2_audio_02:11:05.000_02:38:36.500_signer07.avi,25,41288,340,390,3,7,./whisperx/3_2017_11_Noviembre_15-11_cit_42_-_2017-11-15_SENADO_parte_2_audio_02:11:05.000_02:38:36.500_signer07.json
10000174,./videos_1_avi/3_2017_11_Noviembre_15-11_cit_42_-_2017-11-15_SENADO_parte_2_audio_02:38:40.000_03:12:48.000_signer08.avi,25,51200,340,390,3,8,./whisperx/3_2017_11_Noviembre_15-11_cit_42_-_2017-11-15_SENADO_parte_2_audio_02:38:40.000_03:12:48.000_signer08.json
10000175,./videos_1_avi/3_2017_11_Noviembre_15-11_cit_42_-_2017-11-15_SENADO_parte_2_audio_03:12:50.000_03:42:11.500_signer07.avi,25,44038,340,390,3,7,./whisperx/3_2017_11_Noviembre_15-11_cit_42_-_2017-11-15_SENADO_parte_2_audio_03:12:50.000_03:42:11.500_signer07.json
10000176,./videos_1_avi/3_2017_11_Noviembre_15-11_cit_42_-_2017-11-15_SENADO_parte_2_audio_03:42:13.500_04:12:49.400_signer08.avi,25,45899,340,390,3,8,./whisperx/3_2017_11_Noviembre_15-11_cit_42_-_2017-11-15_SENADO_parte_2_audio_03:42:13.500_04:12:49.400_signer08.json
10000177,./videos_1_avi/3_2017_11_Noviembre_15-11_cit_42_-_2017-11-15_SENADO_parte_2_audio_04:12:52.000_04:36:18.200_signer07.avi,25,35156,340,390,3,7,./whisperx/3_2017_11_Noviembre_15-11_cit_42_-_2017-11-15_SENADO_parte_2_audio_04:12:52.000_04:36:18.200_signer07.json
10000178,./videos_1_avi/3_2017_11_Noviembre_15-11_cit_42_-_2017-11-15_SENADO_parte_2_audio_04:36:22.000_04:59:23.000_signer08.avi,25,34525,340,390,3,8,./whisperx/3_2017_11_Noviembre_15-11_cit_42_-_2017-11-15_SENADO_parte_2_audio_04:36:22.000_04:59:23.000_signer08.json
10000179,./videos_1_avi/3_2017_11_Noviembre_15-11_cit_42_-_2017-11-15_SENADO_parte_2_audio_04:59:25.000_05:05:47.500_signer07.avi,25,9564,340,390,3,7,./whisperx/3_2017_11_Noviembre_15-11_cit_42_-_2017-11-15_SENADO_parte_2_audio_04:59:25.000_05:05:47.500_signer07.json
10000180,./videos_1_avi/3_2017_11_Noviembre_22-11_cit_43_-_2017-11-22_SENADO_audio_00:04:30.500_00:26:31.000_signer07.avi,25,33014,346,388,3,7,./whisperx/3_2017_11_Noviembre_22-11_cit_43_-_2017-11-22_SENADO_audio_00:04:30.500_00:26:31.000_signer07.json
10000181,./videos_1_avi/3_2017_11_Noviembre_22-11_cit_43_-_2017-11-22_SENADO_audio_00:26:34.000_00:54:52.000_signer08.avi,25,42451,346,388,3,8,./whisperx/3_2017_11_Noviembre_22-11_cit_43_-_2017-11-22_SENADO_audio_00:26:34.000_00:54:52.000_signer08.json
10000182,./videos_1_avi/3_2017_11_Noviembre_22-11_cit_43_-_2017-11-22_SENADO_audio_00:54:55.000_01:15:47.500_signer07.avi,25,31314,346,388,3,7,./whisperx/3_2017_11_Noviembre_22-11_cit_43_-_2017-11-22_SENADO_audio_00:54:55.000_01:15:47.500_signer07.json
10000183,./videos_1_avi/3_2017_11_Noviembre_22-11_cit_43_-_2017-11-22_SENADO_audio_01:15:50.000_01:40:58.000_signer08.avi,25,37700,346,388,3,8,./whisperx/3_2017_11_Noviembre_22-11_cit_43_-_2017-11-22_SENADO_audio_01:15:50.000_01:40:58.000_signer08.json
10000184,./videos_1_avi/3_2017_11_Noviembre_22-11_cit_43_-_2017-11-22_SENADO_audio_01:41:00.500_02:07:26.000_signer07.avi,25,39638,346,388,3,7,./whisperx/3_2017_11_Noviembre_22-11_cit_43_-_2017-11-22_SENADO_audio_01:41:00.500_02:07:26.000_signer07.json
10000185,./videos_1_avi/3_2017_11_Noviembre_22-11_cit_43_-_2017-11-22_SENADO_audio_02:07:28.000_02:31:35.000_signer08.avi,25,36176,346,388,3,8,./whisperx/3_2017_11_Noviembre_22-11_cit_43_-_2017-11-22_SENADO_audio_02:07:28.000_02:31:35.000_signer08.json
10000186,./videos_1_avi/3_2017_11_Noviembre_22-11_cit_43_-_2017-11-22_SENADO_audio_02:31:38.000_02:52:56.000_signer07.avi,25,31950,346,388,3,7,./whisperx/3_2017_11_Noviembre_22-11_cit_43_-_2017-11-22_SENADO_audio_02:31:38.000_02:52:56.000_signer07.json
10000187,./videos_1_avi/3_2017_11_Noviembre_22-11_cit_43_-_2017-11-22_SENADO_audio_02:52:58.500_03:12:12.000_signer08.avi,25,28839,346,388,3,8,./whisperx/3_2017_11_Noviembre_22-11_cit_43_-_2017-11-22_SENADO_audio_02:52:58.500_03:12:12.000_signer08.json
10000188,./videos_1_avi/3_2017_11_Noviembre_28-11_cit_44_-_2017-11-28_SENADO_audio_00:09:38.000_00:27:57.000_signer07.avi,25,27475,346,388,3,7,./whisperx/3_2017_11_Noviembre_28-11_cit_44_-_2017-11-28_SENADO_audio_00:09:38.000_00:27:57.000_signer07.json
10000189,./videos_1_avi/3_2017_11_Noviembre_28-11_cit_44_-_2017-11-28_SENADO_audio_00:27:59.500_00:52:42.000_signer11.avi,25,37063,346,388,3,11,./whisperx/3_2017_11_Noviembre_28-11_cit_44_-_2017-11-28_SENADO_audio_00:27:59.500_00:52:42.000_signer11.json
10000190,./videos_1_avi/3_2017_11_Noviembre_28-11_cit_44_-_2017-11-28_SENADO_audio_00:52:44.000_01:16:02.000_signer07.avi,25,34950,346,388,3,7,./whisperx/3_2017_11_Noviembre_28-11_cit_44_-_2017-11-28_SENADO_audio_00:52:44.000_01:16:02.000_signer07.json
10000191,./videos_1_avi/3_2017_11_Noviembre_28-11_cit_44_-_2017-11-28_SENADO_audio_01:16:04.500_01:35:55.000_signer11.avi,25,29764,346,388,3,11,./whisperx/3_2017_11_Noviembre_28-11_cit_44_-_2017-11-28_SENADO_audio_01:16:04.500_01:35:55.000_signer11.json
10000192,./videos_1_avi/3_2017_11_Noviembre_28-11_cit_44_-_2017-11-28_SENADO_audio_01:35:57.000_01:54:21.500_signer07.avi,25,27613,346,388,3,7,./whisperx/3_2017_11_Noviembre_28-11_cit_44_-_2017-11-28_SENADO_audio_01:35:57.000_01:54:21.500_signer07.json
10000193,./videos_1_avi/3_2017_11_Noviembre_28-11_cit_44_-_2017-11-28_SENADO_audio_01:54:24.000_02:02:11.700_signer11.avi,25,11694,346,388,3,11,./whisperx/3_2017_11_Noviembre_28-11_cit_44_-_2017-11-28_SENADO_audio_01:54:24.000_02:02:11.700_signer11.json
10000194,./videos_1_avi/3_2017_11_Noviembre_28-11_cit_44_-_2017-11-28_SENADO_audio_02:24:13.800_02:24:35.500_signer11.avi,25,543,346,388,3,11,./whisperx/3_2017_11_Noviembre_28-11_cit_44_-_2017-11-28_SENADO_audio_02:24:13.800_02:24:35.500_signer11.json
10000195,./videos_1_avi/3_2017_11_Noviembre_28-11_cit_44_-_2017-11-28_SENADO_audio_02:46:23.700_03:00:11.500_signer11.avi,25,20695,346,388,3,11,./whisperx/3_2017_11_Noviembre_28-11_cit_44_-_2017-11-28_SENADO_audio_02:46:23.700_03:00:11.500_signer11.json
10000196,./videos_1_avi/3_2017_11_Noviembre_28-11_cit_44_-_2017-11-28_SENADO_audio_03:00:14.700_03:19:19.250_signer07.avi,25,28614,346,388,3,7,./whisperx/3_2017_11_Noviembre_28-11_cit_44_-_2017-11-28_SENADO_audio_03:00:14.700_03:19:19.250_signer07.json
10000197,./videos_1_avi/3_2017_11_Noviembre_28-11_cit_44_-_2017-11-28_SENADO_audio_03:19:22.000_03:36:51.800_signer11.avi,25,26245,346,388,3,11,./whisperx/3_2017_11_Noviembre_28-11_cit_44_-_2017-11-28_SENADO_audio_03:19:22.000_03:36:51.800_signer11.json
10000198,./videos_1_avi/3_2017_11_Noviembre_28-11_cit_44_-_2017-11-28_SENADO_audio_03:36:55.000_03:54:58.000_signer07.avi,25,27075,346,388,3,7,./whisperx/3_2017_11_Noviembre_28-11_cit_44_-_2017-11-28_SENADO_audio_03:36:55.000_03:54:58.000_signer07.json
10000199,./videos_1_avi/3_2017_11_Noviembre_28-11_cit_44_-_2017-11-28_SENADO_audio_03:55:01.000_04:09:53.000_signer11.avi,25,22300,346,388,3,11,./whisperx/3_2017_11_Noviembre_28-11_cit_44_-_2017-11-28_SENADO_audio_03:55:01.000_04:09:53.000_signer11.json
10000200,./videos_1_avi/3_2017_11_Noviembre_28-11_cit_44_-_2017-11-28_SENADO_audio_04:09:55.500_04:24:33.000_signer12.avi,25,21938,346,388,3,12,./whisperx/3_2017_11_Noviembre_28-11_cit_44_-_2017-11-28_SENADO_audio_04:09:55.500_04:24:33.000_signer12.json
10000201,./videos_1_avi/3_2017_11_Noviembre_28-11_cit_44_-_2017-11-28_SENADO_audio_04:24:35.000_04:41:02.000_signer11.avi,25,24675,346,388,3,11,./whisperx/3_2017_11_Noviembre_28-11_cit_44_-_2017-11-28_SENADO_audio_04:24:35.000_04:41:02.000_signer11.json
10000202,./videos_1_avi/3_2017_11_Noviembre_28-11_cit_44_-_2017-11-28_SENADO_audio_04:41:06.000_04:48:28.000_signer12.avi,25,11050,346,388,3,12,./whisperx/3_2017_11_Noviembre_28-11_cit_44_-_2017-11-28_SENADO_audio_04:41:06.000_04:48:28.000_signer12.json
10000203,./videos_1_avi/3_2017_11_Noviembre_28-11_cit_44_-_2017-11-28_SENADO_audio_05:15:51.000_05:31:11.000_signer11.avi,25,23001,346,388,3,11,./whisperx/3_2017_11_Noviembre_28-11_cit_44_-_2017-11-28_SENADO_audio_05:15:51.000_05:31:11.000_signer11.json
10000204,./videos_1_avi/3_2017_11_Noviembre_28-11_cit_44_-_2017-11-28_SENADO_audio_05:31:15.000_05:49:29.000_signer12.avi,25,27351,346,388,3,12,./whisperx/3_2017_11_Noviembre_28-11_cit_44_-_2017-11-28_SENADO_audio_05:31:15.000_05:49:29.000_signer12.json
10000205,./videos_1_avi/3_2017_11_Noviembre_28-11_cit_44_-_2017-11-28_SENADO_audio_05:49:31.500_06:05:34.500_signer11.avi,25,24075,346,388,3,11,./whisperx/3_2017_11_Noviembre_28-11_cit_44_-_2017-11-28_SENADO_audio_05:49:31.500_06:05:34.500_signer11.json
10000206,./videos_1_avi/3_2017_11_Noviembre_28-11_cit_44_-_2017-11-28_SENADO_audio_06:05:38.500_06:26:18.500_signer12.avi,25,31000,346,388,3,12,./whisperx/3_2017_11_Noviembre_28-11_cit_44_-_2017-11-28_SENADO_audio_06:05:38.500_06:26:18.500_signer12.json
10000207,./videos_1_avi/3_2017_11_Noviembre_28-11_cit_44_-_2017-11-28_SENADO_audio_06:26:26.200_06:41:35.400_signer11.avi,25,22730,346,388,3,11,./whisperx/3_2017_11_Noviembre_28-11_cit_44_-_2017-11-28_SENADO_audio_06:26:26.200_06:41:35.400_signer11.json
10000208,./videos_1_avi/3_2017_11_Noviembre_28-11_cit_44_-_2017-11-28_SENADO_audio_06:41:39.100_06:51:37.000_signer12.avi,25,14949,346,388,3,12,./whisperx/3_2017_11_Noviembre_28-11_cit_44_-_2017-11-28_SENADO_audio_06:41:39.100_06:51:37.000_signer12.json
10000209,./videos_1_avi/3_2017_11_Noviembre_28-11_cit_44_-_2017-11-28_SENADO_audio_07:25:35.500_07:41:14.000_signer11.avi,25,23464,346,388,3,11,./whisperx/3_2017_11_Noviembre_28-11_cit_44_-_2017-11-28_SENADO_audio_07:25:35.500_07:41:14.000_signer11.json
10000210,./videos_1_avi/3_2017_11_Noviembre_28-11_cit_44_-_2017-11-28_SENADO_audio_07:41:19.000_08:02:37.000_signer12.avi,25,31950,346,388,3,12,./whisperx/3_2017_11_Noviembre_28-11_cit_44_-_2017-11-28_SENADO_audio_07:41:19.000_08:02:37.000_signer12.json
10000211,./videos_1_avi/3_2017_11_Noviembre_28-11_cit_44_-_2017-11-28_SENADO_audio_08:02:39.000_08:16:37.000_signer11.avi,25,20950,346,388,3,11,./whisperx/3_2017_11_Noviembre_28-11_cit_44_-_2017-11-28_SENADO_audio_08:02:39.000_08:16:37.000_signer11.json
10000212,./videos_1_avi/3_2017_11_Noviembre_28-11_cit_44_-_2017-11-28_SENADO_audio_08:16:41.300_08:40:20.000_signer12.avi,25,35469,346,388,3,12,./whisperx/3_2017_11_Noviembre_28-11_cit_44_-_2017-11-28_SENADO_audio_08:16:41.300_08:40:20.000_signer12.json
10000213,./videos_1_avi/3_2017_11_Noviembre_28-11_cit_44_-_2017-11-28_SENADO_audio_08:40:22.500_08:56:48.000_signer11.avi,25,24639,346,388,3,11,./whisperx/3_2017_11_Noviembre_28-11_cit_44_-_2017-11-28_SENADO_audio_08:40:22.500_08:56:48.000_signer11.json
10000214,./videos_1_avi/3_2017_11_Noviembre_28-11_cit_44_-_2017-11-28_SENADO_audio_08:56:52.000_09:19:26.200_signer12.avi,25,33855,346,388,3,12,./whisperx/3_2017_11_Noviembre_28-11_cit_44_-_2017-11-28_SENADO_audio_08:56:52.000_09:19:26.200_signer12.json
10000215,./videos_1_avi/3_2017_11_Noviembre_28-11_cit_44_-_2017-11-28_SENADO_audio_09:19:28.500_09:35:56.000_signer11.avi,25,24689,346,388,3,11,./whisperx/3_2017_11_Noviembre_28-11_cit_44_-_2017-11-28_SENADO_audio_09:19:28.500_09:35:56.000_signer11.json
10000216,./videos_1_avi/3_2017_11_Noviembre_28-11_cit_44_-_2017-11-28_SENADO_audio_09:36:00.000_09:59:49.500_signer12.avi,25,35739,346,388,3,12,./whisperx/3_2017_11_Noviembre_28-11_cit_44_-_2017-11-28_SENADO_audio_09:36:00.000_09:59:49.500_signer12.json
10000217,./videos_1_avi/3_2017_11_Noviembre_28-11_cit_44_-_2017-11-28_SENADO_audio_09:59:53.000_10:09:08.300_signer11.avi,25,13883,346,388,3,11,./whisperx/3_2017_11_Noviembre_28-11_cit_44_-_2017-11-28_SENADO_audio_09:59:53.000_10:09:08.300_signer11.json
10000218,./videos_1_avi/3_2017_11_Noviembre_29-11_cit_45_-_2017-11-29_SENADO_parte_1_audio_00:11:19.800_00:32:36.500_signer08.avi,25,31919,346,388,3,8,./whisperx/3_2017_11_Noviembre_29-11_cit_45_-_2017-11-29_SENADO_parte_1_audio_00:11:19.800_00:32:36.500_signer08.json
10000219,./videos_1_avi/3_2017_11_Noviembre_29-11_cit_45_-_2017-11-29_SENADO_parte_1_audio_00:32:39.500_01:02:52.500_signer07.avi,25,45326,346,388,3,7,./whisperx/3_2017_11_Noviembre_29-11_cit_45_-_2017-11-29_SENADO_parte_1_audio_00:32:39.500_01:02:52.500_signer07.json
10000220,./videos_1_avi/3_2017_11_Noviembre_29-11_cit_45_-_2017-11-29_SENADO_parte_1_audio_01:02:55.500_01:33:25.500_signer08.avi,25,45750,346,388,3,8,./whisperx/3_2017_11_Noviembre_29-11_cit_45_-_2017-11-29_SENADO_parte_1_audio_01:02:55.500_01:33:25.500_signer08.json
10000221,./videos_1_avi/3_2017_11_Noviembre_29-11_cit_45_-_2017-11-29_SENADO_parte_1_audio_01:33:28.500_01:58:33.500_signer07.avi,25,37626,346,388,3,7,./whisperx/3_2017_11_Noviembre_29-11_cit_45_-_2017-11-29_SENADO_parte_1_audio_01:33:28.500_01:58:33.500_signer07.json
10000222,./videos_1_avi/3_2017_11_Noviembre_29-11_cit_45_-_2017-11-29_SENADO_parte_1_audio_01:58:37.000_02:18:29.300_signer08.avi,25,29809,346,388,3,8,./whisperx/3_2017_11_Noviembre_29-11_cit_45_-_2017-11-29_SENADO_parte_1_audio_01:58:37.000_02:18:29.300_signer08.json
10000223,./videos_1_avi/3_2017_11_Noviembre_29-11_cit_45_-_2017-11-29_SENADO_parte_2_audio_00:00:00.000_00:06:51.700_signer08.avi,25,10294,346,388,3,8,./whisperx/3_2017_11_Noviembre_29-11_cit_45_-_2017-11-29_SENADO_parte_2_audio_00:00:00.000_00:06:51.700_signer08.json
10000224,./videos_1_avi/3_2017_11_Noviembre_29-11_cit_45_-_2017-11-29_SENADO_parte_2_audio_00:06:54.500_00:31:35.600_signer07.avi,25,37028,346,388,3,7,./whisperx/3_2017_11_Noviembre_29-11_cit_45_-_2017-11-29_SENADO_parte_2_audio_00:06:54.500_00:31:35.600_signer07.json
10000225,./videos_1_avi/3_2017_11_Noviembre_29-11_cit_45_-_2017-11-29_SENADO_parte_2_audio_00:31:38.600_00:59:39.100_signer08.avi,25,42014,346,388,3,8,./whisperx/3_2017_11_Noviembre_29-11_cit_45_-_2017-11-29_SENADO_parte_2_audio_00:31:38.600_00:59:39.100_signer08.json
10000226,./videos_1_avi/3_2017_11_Noviembre_29-11_cit_45_-_2017-11-29_SENADO_parte_2_audio_00:59:42.000_01:24:54.500_signer07.avi,25,37814,346,388,3,7,./whisperx/3_2017_11_Noviembre_29-11_cit_45_-_2017-11-29_SENADO_parte_2_audio_00:59:42.000_01:24:54.500_signer07.json
10000227,./videos_1_avi/3_2017_11_Noviembre_29-11_cit_45_-_2017-11-29_SENADO_parte_2_audio_01:24:57.000_01:47:50.300_signer08.avi,25,34334,346,388,3,8,./whisperx/3_2017_11_Noviembre_29-11_cit_45_-_2017-11-29_SENADO_parte_2_audio_01:24:57.000_01:47:50.300_signer08.json
10000228,./videos_1_avi/3_2017_11_Noviembre_29-11_cit_45_-_2017-11-29_SENADO_parte_3_audio_00:07:53.500_00:36:24.300_signer12.avi,25,42771,346,388,3,12,./whisperx/3_2017_11_Noviembre_29-11_cit_45_-_2017-11-29_SENADO_parte_3_audio_00:07:53.500_00:36:24.300_signer12.json
10000229,./videos_1_avi/3_2017_11_Noviembre_29-11_cit_45_-_2017-11-29_SENADO_parte_3_audio_00:36:27.000_00:52:23.800_signer08.avi,25,23920,346,388,3,8,./whisperx/3_2017_11_Noviembre_29-11_cit_45_-_2017-11-29_SENADO_parte_3_audio_00:36:27.000_00:52:23.800_signer08.json
10000230,./videos_1_avi/3_2017_11_Noviembre_29-11_cit_45_-_2017-11-29_SENADO_parte_3_audio_00:52:28.600_01:23:04.300_signer12.avi,25,45894,346,388,3,12,./whisperx/3_2017_11_Noviembre_29-11_cit_45_-_2017-11-29_SENADO_parte_3_audio_00:52:28.600_01:23:04.300_signer12.json
10000231,./videos_1_avi/3_2017_11_Noviembre_29-11_cit_45_-_2017-11-29_SENADO_parte_3_audio_01:23:07.000_01:37:51.150_signer08.avi,25,22104,346,388,3,8,./whisperx/3_2017_11_Noviembre_29-11_cit_45_-_2017-11-29_SENADO_parte_3_audio_01:23:07.000_01:37:51.150_signer08.json
10000232,./videos_1_avi/3_2017_11_Noviembre_29-11_cit_45_-_2017-11-29_SENADO_parte_3_audio_01:37:54.500_01:52:37.400_signer12.avi,25,22074,346,388,3,12,./whisperx/3_2017_11_Noviembre_29-11_cit_45_-_2017-11-29_SENADO_parte_3_audio_01:37:54.500_01:52:37.400_signer12.json
10000233,./videos_1_avi/3_2017_11_Noviembre_29-11_cit_45_-_2017-11-29_SENADO_parte_3_audio_01:52:39.700_02:02:41.000_signer08.avi,25,15034,346,388,3,8,./whisperx/3_2017_11_Noviembre_29-11_cit_45_-_2017-11-29_SENADO_parte_3_audio_01:52:39.700_02:02:41.000_signer08.json
10000234,./videos_1_avi/3_2017_11_Noviembre_29-11_cit_45_-_2017-11-29_SENADO_parte_4_audio_00:00:00.000_00:06:58.600_signer08.avi,25,10466,346,388,3,8,./whisperx/3_2017_11_Noviembre_29-11_cit_45_-_2017-11-29_SENADO_parte_4_audio_00:00:00.000_00:06:58.600_signer08.json
10000235,./videos_1_avi/3_2017_11_Noviembre_29-11_cit_45_-_2017-11-29_SENADO_parte_4_audio_00:07:02.900_00:25:19.250_signer12.avi,25,27410,346,388,3,12,./whisperx/3_2017_11_Noviembre_29-11_cit_45_-_2017-11-29_SENADO_parte_4_audio_00:07:02.900_00:25:19.250_signer12.json
10000236,./videos_1_avi/3_2017_11_Noviembre_29-11_cit_45_-_2017-11-29_SENADO_parte_4_audio_00:25:22.000_00:35:38.700_signer08.avi,25,15418,346,388,3,8,./whisperx/3_2017_11_Noviembre_29-11_cit_45_-_2017-11-29_SENADO_parte_4_audio_00:25:22.000_00:35:38.700_signer08.json
10000237,./videos_1_avi/3_2017_11_Noviembre_29-11_cit_45_-_2017-11-29_SENADO_parte_4_audio_00:35:42.500_00:36:10.500_signer12.avi,25,701,346,388,3,12,./whisperx/3_2017_11_Noviembre_29-11_cit_45_-_2017-11-29_SENADO_parte_4_audio_00:35:42.500_00:36:10.500_signer12.json
10000238,./videos_1_avi/3_2017_11_Noviembre_29-11_cit_45_-_Corte_parte_1-2_audio_00:00:00.000_00:06:26.500_signer08.avi,25,9664,348,391,3,8,./whisperx/3_2017_11_Noviembre_29-11_cit_45_-_Corte_parte_1-2_audio_00:00:00.000_00:06:26.500_signer08.json
10000239,./videos_1_avi/3_2017_11_Noviembre_29-11_cit_45_-_Corte_parte_3-4_audio_00:00:00.000_00:00:27.900_signer08.avi,25,699,348,391,3,8,./whisperx/3_2017_11_Noviembre_29-11_cit_45_-_Corte_parte_3-4_audio_00:00:00.000_00:00:27.900_signer08.json
10000240,./videos_1_avi/3_2017_11_Noviembre_7-11_cit_39_-_2017-11-07_completo_audio_00:00:00.000_00:23:40.400_signer10.avi,25,35511,230,260,3,10,./whisperx/3_2017_11_Noviembre_7-11_cit_39_-_2017-11-07_completo_audio_00:00:00.000_00:23:40.400_signer10.json
10000241,./videos_1_avi/3_2017_11_Noviembre_7-11_cit_39_-_2017-11-07_completo_audio_00:23:43.800_00:49:52.825_signer08.avi,25,39227,230,260,3,8,./whisperx/3_2017_11_Noviembre_7-11_cit_39_-_2017-11-07_completo_audio_00:23:43.800_00:49:52.825_signer08.json
10000242,./videos_1_avi/3_2017_11_Noviembre_7-11_cit_39_-_2017-11-07_completo_audio_00:49:55.000_01:17:39.500_signer10.avi,25,41614,230,260,3,10,./whisperx/3_2017_11_Noviembre_7-11_cit_39_-_2017-11-07_completo_audio_00:49:55.000_01:17:39.500_signer10.json
10000243,./videos_1_avi/3_2017_11_Noviembre_7-11_cit_39_-_2017-11-07_completo_audio_01:17:41.000_01:48:22.000_signer08.avi,25,46026,230,260,3,8,./whisperx/3_2017_11_Noviembre_7-11_cit_39_-_2017-11-07_completo_audio_01:17:41.000_01:48:22.000_signer08.json
10000244,./videos_1_avi/3_2017_11_Noviembre_7-11_cit_39_-_2017-11-07_completo_audio_01:48:25.000_02:13:09.000_signer10.avi,25,37101,230,260,3,10,./whisperx/3_2017_11_Noviembre_7-11_cit_39_-_2017-11-07_completo_audio_01:48:25.000_02:13:09.000_signer10.json
10000245,./videos_1_avi/3_2017_11_Noviembre_7-11_cit_39_-_2017-11-07_completo_audio_02:13:11.000_02:33:44.500_signer08.avi,25,30839,230,260,3,8,./whisperx/3_2017_11_Noviembre_7-11_cit_39_-_2017-11-07_completo_audio_02:13:11.000_02:33:44.500_signer08.json
10000246,./videos_1_avi/3_2017_11_Noviembre_7-11_cit_39_-_2017-11-07_completo_audio_02:33:48.000_02:59:31.700_signer10.avi,25,38594,230,260,3,10,./whisperx/3_2017_11_Noviembre_7-11_cit_39_-_2017-11-07_completo_audio_02:33:48.000_02:59:31.700_signer10.json
10000247,./videos_1_avi/3_2017_11_Noviembre_7-11_cit_39_-_2017-11-07_completo_audio_02:59:34.000_03:24:13.500_signer08.avi,25,36989,230,260,3,8,./whisperx/3_2017_11_Noviembre_7-11_cit_39_-_2017-11-07_completo_audio_02:59:34.000_03:24:13.500_signer08.json
10000248,./videos_1_avi/3_2017_11_Noviembre_7-11_cit_39_-_2017-11-07_completo_audio_03:24:17.000_03:49:05.000_signer10.avi,25,37201,230,260,3,10,./whisperx/3_2017_11_Noviembre_7-11_cit_39_-_2017-11-07_completo_audio_03:24:17.000_03:49:05.000_signer10.json
10000249,./videos_1_avi/3_2017_11_Noviembre_7-11_cit_39_-_2017-11-07_completo_audio_03:49:08.000_04:05:16.000_signer08.avi,25,24201,230,260,3,8,./whisperx/3_2017_11_Noviembre_7-11_cit_39_-_2017-11-07_completo_audio_03:49:08.000_04:05:16.000_signer08.json
10000250,./videos_1_avi/3_2017_11_Noviembre_8-11_cit_40_-_2017-11-08_SENADO_parte_1_audio_00:14:50.000_00:35:54.000_signer07.avi,25,31600,348,390,3,7,./whisperx/3_2017_11_Noviembre_8-11_cit_40_-_2017-11-08_SENADO_parte_1_audio_00:14:50.000_00:35:54.000_signer07.json
10000251,./videos_1_avi/3_2017_11_Noviembre_8-11_cit_40_-_2017-11-08_SENADO_parte_1_audio_00:35:55.500_00:59:44.000_signer08.avi,25,35714,348,390,3,8,./whisperx/3_2017_11_Noviembre_8-11_cit_40_-_2017-11-08_SENADO_parte_1_audio_00:35:55.500_00:59:44.000_signer08.json
10000252,./videos_1_avi/3_2017_11_Noviembre_8-11_cit_40_-_2017-11-08_SENADO_parte_1_audio_00:59:46.500_01:18:12.000_signer07.avi,25,27639,348,390,3,7,./whisperx/3_2017_11_Noviembre_8-11_cit_40_-_2017-11-08_SENADO_parte_1_audio_00:59:46.500_01:18:12.000_signer07.json
10000253,./videos_1_avi/3_2017_11_Noviembre_8-11_cit_40_-_2017-11-08_SENADO_parte_1_audio_01:18:13.500_01:45:01.000_signer08.avi,25,40188,348,390,3,8,./whisperx/3_2017_11_Noviembre_8-11_cit_40_-_2017-11-08_SENADO_parte_1_audio_01:18:13.500_01:45:01.000_signer08.json
10000254,./videos_1_avi/3_2017_11_Noviembre_8-11_cit_40_-_2017-11-08_SENADO_parte_2_audio_00:10:38.500_00:33:33.000_signer07.avi,25,34364,348,390,3,7,./whisperx/3_2017_11_Noviembre_8-11_cit_40_-_2017-11-08_SENADO_parte_2_audio_00:10:38.500_00:33:33.000_signer07.json
10000255,./videos_1_avi/3_2017_11_Noviembre_8-11_cit_40_-_2017-11-08_SENADO_parte_2_audio_00:33:35.000_00:55:48.000_signer08.avi,25,33326,348,390,3,8,./whisperx/3_2017_11_Noviembre_8-11_cit_40_-_2017-11-08_SENADO_parte_2_audio_00:33:35.000_00:55:48.000_signer08.json
10000256,./videos_1_avi/3_2017_11_Noviembre_8-11_cit_40_-_2017-11-08_SENADO_parte_2_audio_00:55:50.000_01:22:07.000_signer07.avi,25,39426,348,390,3,7,./whisperx/3_2017_11_Noviembre_8-11_cit_40_-_2017-11-08_SENADO_parte_2_audio_00:55:50.000_01:22:07.000_signer07.json
10000257,./videos_1_avi/3_2017_11_Noviembre_8-11_cit_40_-_2017-11-08_SENADO_parte_2_audio_01:22:08.500_01:45:15.000_signer08.avi,25,34664,348,390,3,8,./whisperx/3_2017_11_Noviembre_8-11_cit_40_-_2017-11-08_SENADO_parte_2_audio_01:22:08.500_01:45:15.000_signer08.json
10000258,./videos_1_avi/3_2017_11_Noviembre_8-11_cit_40_-_2017-11-08_SENADO_parte_2_audio_01:45:19.000_01:54:10.000_signer07.avi,25,13276,348,390,3,7,./whisperx/3_2017_11_Noviembre_8-11_cit_40_-_2017-11-08_SENADO_parte_2_audio_01:45:19.000_01:54:10.000_signer07.json
10000259,./videos_1_avi/3_2017_11_Noviembre_8-11_cit_40_-_2017-11-08_SENADO_parte_3_audio_00:19:24.500_00:22:02.000_signer07.avi,25,3939,348,390,3,7,./whisperx/3_2017_11_Noviembre_8-11_cit_40_-_2017-11-08_SENADO_parte_3_audio_00:19:24.500_00:22:02.000_signer07.json
10000260,./videos_1_avi/3_2018_08_Agosto_01-08_cit_24_-_2018-08-01_cit_24_audio_00:09:50.100_00:24:32.500_signer11.avi,25,22061,372,372,3,11,./whisperx/3_2018_08_Agosto_01-08_cit_24_-_2018-08-01_cit_24_audio_00:09:50.100_00:24:32.500_signer11.json
10000261,./videos_1_avi/3_2018_08_Agosto_01-08_cit_24_-_2018-08-01_cit_24_audio_00:24:35.000_00:45:37.000_signer08.avi,25,31551,372,372,3,8,./whisperx/3_2018_08_Agosto_01-08_cit_24_-_2018-08-01_cit_24_audio_00:24:35.000_00:45:37.000_signer08.json
10000262,./videos_1_avi/3_2018_08_Agosto_01-08_cit_24_-_2018-08-01_cit_24_audio_00:45:40.000_01:09:37.000_signer11.avi,25,35926,372,372,3,11,./whisperx/3_2018_08_Agosto_01-08_cit_24_-_2018-08-01_cit_24_audio_00:45:40.000_01:09:37.000_signer11.json
10000263,./videos_1_avi/3_2018_08_Agosto_01-08_cit_24_-_2018-08-01_cit_24_audio_01:09:41.000_01:27:09.000_signer08.avi,25,26201,372,372,3,8,./whisperx/3_2018_08_Agosto_01-08_cit_24_-_2018-08-01_cit_24_audio_01:09:41.000_01:27:09.000_signer08.json
10000264,./videos_1_avi/3_2018_08_Agosto_01-08_cit_24_-_2018-08-01_cit_24_audio_01:27:12.000_01:47:24.000_signer11.avi,25,30300,372,372,3,11,./whisperx/3_2018_08_Agosto_01-08_cit_24_-_2018-08-01_cit_24_audio_01:27:12.000_01:47:24.000_signer11.json
10000265,./videos_1_avi/3_2018_08_Agosto_01-08_cit_24_-_2018-08-01_cit_24_audio_01:47:26.500_02:05:20.500_signer08.avi,25,26851,372,372,3,8,./whisperx/3_2018_08_Agosto_01-08_cit_24_-_2018-08-01_cit_24_audio_01:47:26.500_02:05:20.500_signer08.json
10000266,./videos_1_avi/3_2018_08_Agosto_01-08_cit_24_-_2018-08-01_cit_24_audio_02:05:23.000_02:26:04.000_signer11.avi,25,31026,372,372,3,11,./whisperx/3_2018_08_Agosto_01-08_cit_24_-_2018-08-01_cit_24_audio_02:05:23.000_02:26:04.000_signer11.json
10000267,./videos_1_avi/3_2018_08_Agosto_01-08_cit_24_-_2018-08-01_cit_24_audio_02:26:06.500_02:42:53.000_signer08.avi,25,25164,372,372,3,8,./whisperx/3_2018_08_Agosto_01-08_cit_24_-_2018-08-01_cit_24_audio_02:26:06.500_02:42:53.000_signer08.json
10000268,./videos_1_avi/3_2018_08_Agosto_01-08_cit_24_-_2018-08-01_cit_24_audio_02:42:56.000_03:01:31.500_signer11.avi,25,27888,372,372,3,11,./whisperx/3_2018_08_Agosto_01-08_cit_24_-_2018-08-01_cit_24_audio_02:42:56.000_03:01:31.500_signer11.json
10000269,./videos_1_avi/3_2018_08_Agosto_01-08_cit_24_-_2018-08-01_cit_24_audio_03:01:34.500_03:18:16.000_signer08.avi,25,25039,372,372,3,8,./whisperx/3_2018_08_Agosto_01-08_cit_24_-_2018-08-01_cit_24_audio_03:01:34.500_03:18:16.000_signer08.json
10000270,./videos_1_avi/3_2018_08_Agosto_01-08_cit_24_-_2018-08-01_cit_24_audio_03:18:18.000_03:40:22.700_signer11.avi,25,33118,372,372,3,11,./whisperx/3_2018_08_Agosto_01-08_cit_24_-_2018-08-01_cit_24_audio_03:18:18.000_03:40:22.700_signer11.json
10000271,./videos_1_avi/3_2018_08_Agosto_01-08_cit_24_-_2018-08-01_cit_24_audio_03:40:25.300_03:54:28.300_signer08.avi,25,21075,372,372,3,8,./whisperx/3_2018_08_Agosto_01-08_cit_24_-_2018-08-01_cit_24_audio_03:40:25.300_03:54:28.300_signer08.json
10000272,./videos_1_avi/3_2018_08_Agosto_07-08_cit_25_-_2018-08-07_cit_25_audio_00:00:15.700_00:08:50.500_signer09.avi,30,15445,360,362,3,9,./whisperx/3_2018_08_Agosto_07-08_cit_25_-_2018-08-07_cit_25_audio_00:00:15.700_00:08:50.500_signer09.json
10000273,./videos_1_avi/3_2018_08_Agosto_07-08_cit_25_-_2018-08-07_cit_25_audio_00:08:54.000_00:22:56.500_signer10.avi,30,25275,360,362,3,10,./whisperx/3_2018_08_Agosto_07-08_cit_25_-_2018-08-07_cit_25_audio_00:08:54.000_00:22:56.500_signer10.json
10000274,./videos_1_avi/3_2018_08_Agosto_07-08_cit_25_-_2018-08-07_cit_25_audio_00:23:00.500_00:39:40.250_signer09.avi,30,29994,360,362,3,9,./whisperx/3_2018_08_Agosto_07-08_cit_25_-_2018-08-07_cit_25_audio_00:23:00.500_00:39:40.250_signer09.json
10000275,./videos_1_avi/3_2018_08_Agosto_07-08_cit_25_-_2018-08-07_cit_25_audio_00:39:43.500_00:56:25.500_signer10.avi,30,30061,360,362,3,10,./whisperx/3_2018_08_Agosto_07-08_cit_25_-_2018-08-07_cit_25_audio_00:39:43.500_00:56:25.500_signer10.json
10000276,./videos_1_avi/3_2018_08_Agosto_07-08_cit_25_-_2018-08-07_cit_25_audio_00:56:30.700_01:11:40.000_signer09.avi,30,27279,360,362,3,9,./whisperx/3_2018_08_Agosto_07-08_cit_25_-_2018-08-07_cit_25_audio_00:56:30.700_01:11:40.000_signer09.json
10000277,./videos_1_avi/3_2018_08_Agosto_07-08_cit_25_-_2018-08-07_cit_25_audio_01:11:43.500_01:27:20.000_signer10.avi,30,28096,360,362,3,10,./whisperx/3_2018_08_Agosto_07-08_cit_25_-_2018-08-07_cit_25_audio_01:11:43.500_01:27:20.000_signer10.json
10000278,./videos_1_avi/3_2018_08_Agosto_07-08_cit_25_-_2018-08-07_cit_25_audio_01:27:24.300_01:41:28.500_signer09.avi,30,25327,360,362,3,9,./whisperx/3_2018_08_Agosto_07-08_cit_25_-_2018-08-07_cit_25_audio_01:27:24.300_01:41:28.500_signer09.json
10000279,./videos_1_avi/3_2018_08_Agosto_07-08_cit_25_-_2018-08-07_cit_25_audio_01:41:33.300_01:58:17.000_signer10.avi,30,30111,360,362,3,10,./whisperx/3_2018_08_Agosto_07-08_cit_25_-_2018-08-07_cit_25_audio_01:41:33.300_01:58:17.000_signer10.json
10000280,./videos_1_avi/3_2018_08_Agosto_07-08_cit_25_-_2018-08-07_cit_25_audio_01:58:20.500_02:17:17.800_signer09.avi,30,34120,360,362,3,9,./whisperx/3_2018_08_Agosto_07-08_cit_25_-_2018-08-07_cit_25_audio_01:58:20.500_02:17:17.800_signer09.json
10000281,./videos_1_avi/3_2018_08_Agosto_07-08_cit_25_-_2018-08-07_cit_25_audio_02:17:22.300_02:28:08.500_signer10.avi,30,19387,360,362,3,10,./whisperx/3_2018_08_Agosto_07-08_cit_25_-_2018-08-07_cit_25_audio_02:17:22.300_02:28:08.500_signer10.json
10000282,./videos_1_avi/3_2018_08_Agosto_07-08_cit_25_-_2018-08-07_cit_25_audio_02:28:14.100_02:44:10.600_signer09.avi,30,28696,360,362,3,9,./whisperx/3_2018_08_Agosto_07-08_cit_25_-_2018-08-07_cit_25_audio_02:28:14.100_02:44:10.600_signer09.json
10000283,./videos_1_avi/3_2018_08_Agosto_07-08_cit_25_-_2018-08-07_cit_25_audio_02:44:15.350_02:54:24.000_signer10.avi,30,18261,360,362,3,10,./whisperx/3_2018_08_Agosto_07-08_cit_25_-_2018-08-07_cit_25_audio_02:44:15.350_02:54:24.000_signer10.json
10000284,./videos_1_avi/3_2018_08_Agosto_07-08_cit_25_-_2018-08-07_cit_25_audio_02:54:28.700_03:05:15.400_signer09.avi,30,19401,360,362,3,9,./whisperx/3_2018_08_Agosto_07-08_cit_25_-_2018-08-07_cit_25_audio_02:54:28.700_03:05:15.400_signer09.json
10000285,./videos_1_avi/3_2018_08_Agosto_07-08_cit_25_-_2018-08-07_cit_25_audio_03:05:19.800_03:25:06.000_signer10.avi,30,35587,360,362,3,10,./whisperx/3_2018_08_Agosto_07-08_cit_25_-_2018-08-07_cit_25_audio_03:05:19.800_03:25:06.000_signer10.json
10000286,./videos_1_avi/3_2018_08_Agosto_07-08_cit_25_-_2018-08-07_cit_25_audio_03:25:11.000_03:45:06.400_signer09.avi,30,35862,360,362,3,9,./whisperx/3_2018_08_Agosto_07-08_cit_25_-_2018-08-07_cit_25_audio_03:25:11.000_03:45:06.400_signer09.json
10000287,./videos_1_avi/3_2018_08_Agosto_07-08_cit_25_-_2018-08-07_cit_25_audio_03:45:11.500_04:03:49.400_signer10.avi,30,33538,360,362,3,10,./whisperx/3_2018_08_Agosto_07-08_cit_25_-_2018-08-07_cit_25_audio_03:45:11.500_04:03:49.400_signer10.json
10000288,./videos_1_avi/3_2018_08_Agosto_07-08_cit_25_-_2018-08-07_cit_25_audio_04:03:53.200_04:25:22.250_signer09.avi,30,38672,360,362,3,9,./whisperx/3_2018_08_Agosto_07-08_cit_25_-_2018-08-07_cit_25_audio_04:03:53.200_04:25:22.250_signer09.json
10000289,./videos_1_avi/3_2018_08_Agosto_07-08_cit_25_-_2018-08-07_cit_25_audio_04:25:27.000_04:39:33.500_signer10.avi,30,25395,360,362,3,10,./whisperx/3_2018_08_Agosto_07-08_cit_25_-_2018-08-07_cit_25_audio_04:25:27.000_04:39:33.500_signer10.json
10000290,./videos_1_avi/3_2018_08_Agosto_07-08_cit_25_-_2018-08-07_cit_25_audio_04:39:38.000_04:57:21.000_signer09.avi,30,31891,360,362,3,9,./whisperx/3_2018_08_Agosto_07-08_cit_25_-_2018-08-07_cit_25_audio_04:39:38.000_04:57:21.000_signer09.json
10000291,./videos_1_avi/3_2018_08_Agosto_07-08_cit_25_-_2018-08-07_cit_25_audio_04:57:25.000_05:21:44.000_signer10.avi,30,43770,360,362,3,10,./whisperx/3_2018_08_Agosto_07-08_cit_25_-_2018-08-07_cit_25_audio_04:57:25.000_05:21:44.000_signer10.json
10000292,./videos_1_avi/3_2018_08_Agosto_07-08_cit_25_-_2018-08-07_cit_25_audio_05:21:49.300_05:40:13.000_signer09.avi,30,33111,360,362,3,9,./whisperx/3_2018_08_Agosto_07-08_cit_25_-_2018-08-07_cit_25_audio_05:21:49.300_05:40:13.000_signer09.json
10000293,./videos_1_avi/3_2018_08_Agosto_07-08_cit_25_-_2018-08-07_cit_25_audio_05:40:17.000_05:55:22.400_signer10.avi,30,27163,360,362,3,10,./whisperx/3_2018_08_Agosto_07-08_cit_25_-_2018-08-07_cit_25_audio_05:40:17.000_05:55:22.400_signer10.json
10000294,./videos_1_avi/3_2018_08_Agosto_07-08_cit_25_-_2018-08-07_cit_25_audio_05:55:27.550_06:09:47.500_signer09.avi,30,25800,360,362,3,9,./whisperx/3_2018_08_Agosto_07-08_cit_25_-_2018-08-07_cit_25_audio_05:55:27.550_06:09:47.500_signer09.json
10000295,./videos_1_avi/3_2018_08_Agosto_07-08_cit_25_-_2018-08-07_cit_25_audio_06:09:52.750_06:20:01.000_signer10.avi,30,18248,360,362,3,10,./whisperx/3_2018_08_Agosto_07-08_cit_25_-_2018-08-07_cit_25_audio_06:09:52.750_06:20:01.000_signer10.json
10000296,./videos_1_avi/3_2018_08_Agosto_07-08_cit_25_-_2018-08-07_cit_25_audio_06:20:05.200_06:37:45.500_signer09.avi,30,31810,360,362,3,9,./whisperx/3_2018_08_Agosto_07-08_cit_25_-_2018-08-07_cit_25_audio_06:20:05.200_06:37:45.500_signer09.json
10000297,./videos_1_avi/3_2018_08_Agosto_07-08_cit_25_-_2018-08-07_cit_25_audio_06:37:48.500_06:53:51.000_signer10.avi,30,28876,360,362,3,10,./whisperx/3_2018_08_Agosto_07-08_cit_25_-_2018-08-07_cit_25_audio_06:37:48.500_06:53:51.000_signer10.json
10000298,./videos_1_avi/3_2018_08_Agosto_07-08_cit_25_-_2018-08-07_cit_25_audio_06:53:54.500_06:55:32.500_signer09.avi,30,2940,360,362,3,9,./whisperx/3_2018_08_Agosto_07-08_cit_25_-_2018-08-07_cit_25_audio_06:53:54.500_06:55:32.500_signer09.json
10000299,./videos_1_avi/3_2018_08_Agosto_07-08_cit_25_-_2018-08-07_cit_25_audio_06:55:45.700_07:01:15.000_signer10.avi,30,9880,360,362,3,10,./whisperx/3_2018_08_Agosto_07-08_cit_25_-_2018-08-07_cit_25_audio_06:55:45.700_07:01:15.000_signer10.json
10000300,./videos_1_avi/3_2018_08_Agosto_08-08_cit_26_-_2018-08-08_cit_26_audio_00:06:31.500_00:24:54.300_signer08.avi,30,33085,350,378,3,8,./whisperx/3_2018_08_Agosto_08-08_cit_26_-_2018-08-08_cit_26_audio_00:06:31.500_00:24:54.300_signer08.json
10000301,./videos_1_avi/3_2018_08_Agosto_08-08_cit_26_-_2018-08-08_cit_26_audio_00:24:56.500_00:39:35.500_signer11.avi,30,26371,350,378,3,11,./whisperx/3_2018_08_Agosto_08-08_cit_26_-_2018-08-08_cit_26_audio_00:24:56.500_00:39:35.500_signer11.json
10000302,./videos_1_avi/3_2018_08_Agosto_08-08_cit_26_-_2018-08-08_cit_26_audio_00:39:38.000_00:53:57.500_signer08.avi,30,25786,350,378,3,8,./whisperx/3_2018_08_Agosto_08-08_cit_26_-_2018-08-08_cit_26_audio_00:39:38.000_00:53:57.500_signer08.json
10000303,./videos_1_avi/3_2018_08_Agosto_08-08_cit_26_-_2018-08-08_cit_26_audio_00:54:00.000_01:22:32.500_signer11.avi,30,51375,350,378,3,11,./whisperx/3_2018_08_Agosto_08-08_cit_26_-_2018-08-08_cit_26_audio_00:54:00.000_01:22:32.500_signer11.json
10000304,./videos_1_avi/3_2018_08_Agosto_08-08_cit_26_-_2018-08-08_cit_26_audio_01:22:35.500_01:38:17.800_signer08.avi,30,28270,350,378,3,8,./whisperx/3_2018_08_Agosto_08-08_cit_26_-_2018-08-08_cit_26_audio_01:22:35.500_01:38:17.800_signer08.json
10000305,./videos_1_avi/3_2018_08_Agosto_08-08_cit_26_-_2018-08-08_cit_26_audio_01:38:20.700_02:06:28.500_signer11.avi,30,50635,350,378,3,11,./whisperx/3_2018_08_Agosto_08-08_cit_26_-_2018-08-08_cit_26_audio_01:38:20.700_02:06:28.500_signer11.json
10000306,./videos_1_avi/3_2018_08_Agosto_08-08_cit_26_-_2018-08-08_cit_26_audio_02:06:31.000_02:24:55.500_signer08.avi,30,33135,350,378,3,8,./whisperx/3_2018_08_Agosto_08-08_cit_26_-_2018-08-08_cit_26_audio_02:06:31.000_02:24:55.500_signer08.json
10000307,./videos_1_avi/3_2018_08_Agosto_08-08_cit_26_-_2018-08-08_cit_26_audio_02:24:58.500_02:31:12.800_signer11.avi,30,11229,350,378,3,11,./whisperx/3_2018_08_Agosto_08-08_cit_26_-_2018-08-08_cit_26_audio_02:24:58.500_02:31:12.800_signer11.json
10000308,./videos_1_avi/3_2018_08_Agosto_14-08_cit_27_-_2018-08-14_cit_27_audio_00:08:42.600_00:30:23.400_signer09.avi,30,39025,350,378,3,9,./whisperx/3_2018_08_Agosto_14-08_cit_27_-_2018-08-14_cit_27_audio_00:08:42.600_00:30:23.400_signer09.json
10000309,./videos_1_avi/3_2018_08_Agosto_14-08_cit_27_-_2018-08-14_cit_27_audio_00:30:28.300_00:49:03.300_signer07.avi,30,33450,350,378,3,7,./whisperx/3_2018_08_Agosto_14-08_cit_27_-_2018-08-14_cit_27_audio_00:30:28.300_00:49:03.300_signer07.json
10000310,./videos_1_avi/3_2018_08_Agosto_14-08_cit_27_-_2018-08-14_cit_27_audio_00:49:07.000_01:12:57.500_signer09.avi,30,42916,350,378,3,9,./whisperx/3_2018_08_Agosto_14-08_cit_27_-_2018-08-14_cit_27_audio_00:49:07.000_01:12:57.500_signer09.json
10000311,./videos_1_avi/3_2018_08_Agosto_14-08_cit_27_-_2018-08-14_cit_27_audio_01:13:00.000_01:30:26.300_signer07.avi,30,31390,350,378,3,7,./whisperx/3_2018_08_Agosto_14-08_cit_27_-_2018-08-14_cit_27_audio_01:13:00.000_01:30:26.300_signer07.json
10000312,./videos_1_avi/3_2018_08_Agosto_14-08_cit_27_-_2018-08-14_cit_27_audio_01:30:30.400_01:54:02.800_signer09.avi,30,42373,350,378,3,9,./whisperx/3_2018_08_Agosto_14-08_cit_27_-_2018-08-14_cit_27_audio_01:30:30.400_01:54:02.800_signer09.json
10000313,./videos_1_avi/3_2018_08_Agosto_14-08_cit_27_-_2018-08-14_cit_27_audio_01:54:06.760_01:54:54.600_signer07.avi,30,1436,350,378,3,7,./whisperx/3_2018_08_Agosto_14-08_cit_27_-_2018-08-14_cit_27_audio_01:54:06.760_01:54:54.600_signer07.json
10000314,./videos_1_avi/3_2018_08_Agosto_15-08_cit_28_-_2018-08-15_cit_28_parte_1_audio_00:06:14.900_00:19:48.600_signer11.avi,30,24412,336,380,3,11,./whisperx/3_2018_08_Agosto_15-08_cit_28_-_2018-08-15_cit_28_parte_1_audio_00:06:14.900_00:19:48.600_signer11.json
10000315,./videos_1_avi/3_2018_08_Agosto_15-08_cit_28_-_2018-08-15_cit_28_parte_1_audio_00:19:51.750_00:40:20.650_signer08.avi,30,36867,336,380,3,8,./whisperx/3_2018_08_Agosto_15-08_cit_28_-_2018-08-15_cit_28_parte_1_audio_00:19:51.750_00:40:20.650_signer08.json
10000316,./videos_1_avi/3_2018_08_Agosto_15-08_cit_28_-_2018-08-15_cit_28_parte_1_audio_00:40:23.300_01:06:39.500_signer11.avi,30,47287,336,380,3,11,./whisperx/3_2018_08_Agosto_15-08_cit_28_-_2018-08-15_cit_28_parte_1_audio_00:40:23.300_01:06:39.500_signer11.json
10000317,./videos_1_avi/3_2018_08_Agosto_15-08_cit_28_-_2018-08-15_cit_28_parte_1_audio_01:06:42.000_01:26:22.000_signer08.avi,30,35401,336,380,3,8,./whisperx/3_2018_08_Agosto_15-08_cit_28_-_2018-08-15_cit_28_parte_1_audio_01:06:42.000_01:26:22.000_signer08.json
10000318,./videos_1_avi/3_2018_08_Agosto_15-08_cit_28_-_2018-08-15_cit_28_parte_1_audio_01:26:25.000_01:46:12.000_signer11.avi,30,35610,336,380,3,11,./whisperx/3_2018_08_Agosto_15-08_cit_28_-_2018-08-15_cit_28_parte_1_audio_01:26:25.000_01:46:12.000_signer11.json
10000319,./videos_1_avi/3_2018_08_Agosto_15-08_cit_28_-_2018-08-15_cit_28_parte_1_audio_01:46:14.500_01:59:57.000_signer08.avi,30,24676,336,380,3,8,./whisperx/3_2018_08_Agosto_15-08_cit_28_-_2018-08-15_cit_28_parte_1_audio_01:46:14.500_01:59:57.000_signer08.json
10000320,./videos_1_avi/3_2018_08_Agosto_15-08_cit_28_-_2018-08-15_cit_28_parte_2_audio_00:18:37.450_00:37:27.900_signer11.avi,30,33915,336,380,3,11,./whisperx/3_2018_08_Agosto_15-08_cit_28_-_2018-08-15_cit_28_parte_2_audio_00:18:37.450_00:37:27.900_signer11.json
10000321,./videos_1_avi/3_2018_08_Agosto_15-08_cit_28_-_2018-08-15_cit_28_parte_2_audio_00:37:30.650_01:00:40.650_signer08.avi,30,41700,336,380,3,8,./whisperx/3_2018_08_Agosto_15-08_cit_28_-_2018-08-15_cit_28_parte_2_audio_00:37:30.650_01:00:40.650_signer08.json
10000322,./videos_1_avi/3_2018_08_Agosto_15-08_cit_28_-_2018-08-15_cit_28_parte_2_audio_01:09:47.500_01:13:36.000_signer11.avi,30,6856,336,380,3,11,./whisperx/3_2018_08_Agosto_15-08_cit_28_-_2018-08-15_cit_28_parte_2_audio_01:09:47.500_01:13:36.000_signer11.json
10000323,./videos_1_avi/3_2018_08_Agosto_21-08_cit_29_-_2018-08-21_cit_29_audio_00:03:52.000_00:15:46.000_signer09.avi,30,21420,368,380,3,9,./whisperx/3_2018_08_Agosto_21-08_cit_29_-_2018-08-21_cit_29_audio_00:03:52.000_00:15:46.000_signer09.json
10000324,./videos_1_avi/3_2018_08_Agosto_21-08_cit_29_-_2018-08-21_cit_29_audio_00:15:48.350_00:31:00.850_signer10.avi,30,27375,368,380,3,10,./whisperx/3_2018_08_Agosto_21-08_cit_29_-_2018-08-21_cit_29_audio_00:15:48.350_00:31:00.850_signer10.json
10000325,./videos_1_avi/3_2018_08_Agosto_21-08_cit_29_-_2018-08-21_cit_29_audio_00:31:04.600_00:49:42.650_signer09.avi,30,33543,368,380,3,9,./whisperx/3_2018_08_Agosto_21-08_cit_29_-_2018-08-21_cit_29_audio_00:31:04.600_00:49:42.650_signer09.json
10000326,./videos_1_avi/3_2018_08_Agosto_27-08_cit_30_-_2018-08-27_cit_30_parte_1_audio_00:09:46.800_01:30:29.500_signer08.avi,30,145281,368,380,3,8,./whisperx/3_2018_08_Agosto_27-08_cit_30_-_2018-08-27_cit_30_parte_1_audio_00:09:46.800_01:30:29.500_signer08.json
10000327,./videos_1_avi/3_2018_08_Agosto_27-08_cit_30_-_2018-08-27_cit_30_parte_1_audio_01:30:32.100_01:55:58.000_signer07.avi,30,45777,368,380,3,7,./whisperx/3_2018_08_Agosto_27-08_cit_30_-_2018-08-27_cit_30_parte_1_audio_01:30:32.100_01:55:58.000_signer07.json
10000328,./videos_1_avi/3_2018_08_Agosto_27-08_cit_30_-_2018-08-27_cit_30_parte_1_audio_01:56:01.500_02:06:52.500_signer08.avi,30,19531,368,380,3,8,./whisperx/3_2018_08_Agosto_27-08_cit_30_-_2018-08-27_cit_30_parte_1_audio_01:56:01.500_02:06:52.500_signer08.json
10000329,./videos_1_avi/3_2018_08_Agosto_27-08_cit_30_-_2018-08-27_cit_30_parte_1_audio_02:06:55.000_02:14:14.000_signer07.avi,30,13171,368,380,3,7,./whisperx/3_2018_08_Agosto_27-08_cit_30_-_2018-08-27_cit_30_parte_1_audio_02:06:55.000_02:14:14.000_signer07.json
10000330,./videos_1_avi/3_2018_08_Agosto_27-08_cit_30_-_2018-08-27_cit_30_parte_1_audio_02:14:16.500_02:35:45.500_signer08.avi,30,38671,368,380,3,8,./whisperx/3_2018_08_Agosto_27-08_cit_30_-_2018-08-27_cit_30_parte_1_audio_02:14:16.500_02:35:45.500_signer08.json
10000331,./videos_1_avi/3_2018_08_Agosto_27-08_cit_30_-_2018-08-27_cit_30_parte_1_audio_02:35:49.000_03:42:45.000_signer07.avi,30,120481,368,380,3,7,./whisperx/3_2018_08_Agosto_27-08_cit_30_-_2018-08-27_cit_30_parte_1_audio_02:35:49.000_03:42:45.000_signer07.json
10000332,./videos_1_avi/3_2018_08_Agosto_27-08_cit_30_-_2018-08-27_cit_30_parte_1_audio_03:42:47.500_04:10:16.000_signer08.avi,30,49455,368,380,3,8,./whisperx/3_2018_08_Agosto_27-08_cit_30_-_2018-08-27_cit_30_parte_1_audio_03:42:47.500_04:10:16.000_signer08.json
10000333,./videos_1_avi/3_2018_08_Agosto_27-08_cit_30_-_2018-08-27_cit_30_parte_1_audio_04:10:18.380_04:37:15.000_signer07.avi,30,48500,368,380,3,7,./whisperx/3_2018_08_Agosto_27-08_cit_30_-_2018-08-27_cit_30_parte_1_audio_04:10:18.380_04:37:15.000_signer07.json
10000334,./videos_1_avi/3_2018_08_Agosto_27-08_cit_30_-_2018-08-27_cit_30_parte_1_audio_04:37:17.500_04:38:15.200_signer08.avi,30,1731,368,380,3,8,./whisperx/3_2018_08_Agosto_27-08_cit_30_-_2018-08-27_cit_30_parte_1_audio_04:37:17.500_04:38:15.200_signer08.json
10000335,./videos_1_avi/3_2018_08_Agosto_27-08_cit_30_-_2018-08-27_cit_30_parte_2_audio_00:00:00.000_00:31:05.000_signer08.avi,30,55951,358,378,3,8,./whisperx/3_2018_08_Agosto_27-08_cit_30_-_2018-08-27_cit_30_parte_2_audio_00:00:00.000_00:31:05.000_signer08.json
10000336,./videos_1_avi/3_2018_08_Agosto_27-08_cit_30_-_2018-08-27_cit_30_parte_2_audio_00:31:07.500_00:55:28.500_signer07.avi,30,43831,358,378,3,7,./whisperx/3_2018_08_Agosto_27-08_cit_30_-_2018-08-27_cit_30_parte_2_audio_00:31:07.500_00:55:28.500_signer07.json
10000337,./videos_1_avi/3_2018_08_Agosto_27-08_cit_30_-_2018-08-27_cit_30_parte_2_audio_00:55:31.500_01:24:45.500_signer08.avi,30,52621,358,378,3,8,./whisperx/3_2018_08_Agosto_27-08_cit_30_-_2018-08-27_cit_30_parte_2_audio_00:55:31.500_01:24:45.500_signer08.json
10000338,./videos_1_avi/3_2018_08_Agosto_27-08_cit_30_-_2018-08-27_cit_30_parte_2_audio_01:24:48.500_01:39:26.500_signer07.avi,30,26340,358,378,3,7,./whisperx/3_2018_08_Agosto_27-08_cit_30_-_2018-08-27_cit_30_parte_2_audio_01:24:48.500_01:39:26.500_signer07.json
10000339,./videos_1_avi/3_2018_08_Agosto_27-08_cit_30_-_2018-08-27_cit_30_parte_2_audio_01:51:11.000_01:58:00.500_signer07.avi,30,12286,358,378,3,7,./whisperx/3_2018_08_Agosto_27-08_cit_30_-_2018-08-27_cit_30_parte_2_audio_01:51:11.000_01:58:00.500_signer07.json
10000340,./videos_1_avi/3_2018_08_Agosto_27-08_cit_30_-_2018-08-27_cit_30_parte_2_audio_01:58:03.000_02:17:29.700_signer08.avi,30,35001,358,378,3,8,./whisperx/3_2018_08_Agosto_27-08_cit_30_-_2018-08-27_cit_30_parte_2_audio_01:58:03.000_02:17:29.700_signer08.json
10000341,./videos_1_avi/3_2018_10_Octubre_02-10_cit_33_-_2018-10-02_cit_33_audio_00:12:53.000_00:33:25.000_signer07.avi,30,36960,378,376,3,7,./whisperx/3_2018_10_Octubre_02-10_cit_33_-_2018-10-02_cit_33_audio_00:12:53.000_00:33:25.000_signer07.json
10000342,./videos_1_avi/3_2018_10_Octubre_02-10_cit_33_-_2018-10-02_cit_33_audio_00:39:45.000_00:52:41.000_signer07.avi,30,23280,378,376,3,7,./whisperx/3_2018_10_Octubre_02-10_cit_33_-_2018-10-02_cit_33_audio_00:39:45.000_00:52:41.000_signer07.json
10000343,./videos_1_avi/3_2018_10_Octubre_02-10_cit_33_-_2018-10-02_cit_33_audio_01:13:08.500_01:51:34.000_signer07.avi,30,69166,378,376,3,7,./whisperx/3_2018_10_Octubre_02-10_cit_33_-_2018-10-02_cit_33_audio_01:13:08.500_01:51:34.000_signer07.json
10000344,./videos_1_avi/3_2018_10_Octubre_02-10_cit_33_-_2018-10-02_cit_33_audio_02:01:17.500_02:33:54.000_signer07.avi,30,58696,378,376,3,7,./whisperx/3_2018_10_Octubre_02-10_cit_33_-_2018-10-02_cit_33_audio_02:01:17.500_02:33:54.000_signer07.json
10000345,./videos_1_avi/3_2018_10_Octubre_02-10_cit_33_-_2018-10-02_cit_33_audio_02:45:58.000_02:46:30.500_signer07.avi,30,975,378,376,3,7,./whisperx/3_2018_10_Octubre_02-10_cit_33_-_2018-10-02_cit_33_audio_02:45:58.000_02:46:30.500_signer07.json
10000346,./videos_1_avi/3_2018_10_Octubre_09-10_cit_34_-_2018-10-09_cit_34_audio_00:08:30.500_00:29:55.500_signer09.avi,30,38550,378,376,3,9,./whisperx/3_2018_10_Octubre_09-10_cit_34_-_2018-10-09_cit_34_audio_00:08:30.500_00:29:55.500_signer09.json
10000347,./videos_1_avi/3_2018_10_Octubre_09-10_cit_34_-_2018-10-09_cit_34_audio_00:29:58.300_00:49:04.000_signer07.avi,30,34371,378,376,3,7,./whisperx/3_2018_10_Octubre_09-10_cit_34_-_2018-10-09_cit_34_audio_00:29:58.300_00:49:04.000_signer07.json
10000348,./videos_1_avi/3_2018_10_Octubre_09-10_cit_34_-_2018-10-09_cit_34_audio_00:49:08.250_01:12:07.500_signer09.avi,30,41379,378,376,3,9,./whisperx/3_2018_10_Octubre_09-10_cit_34_-_2018-10-09_cit_34_audio_00:49:08.250_01:12:07.500_signer09.json
10000349,./videos_1_avi/3_2018_10_Octubre_09-10_cit_34_-_2018-10-09_cit_34_audio_01:12:10.500_01:32:59.500_signer07.avi,30,37470,378,376,3,7,./whisperx/3_2018_10_Octubre_09-10_cit_34_-_2018-10-09_cit_34_audio_01:12:10.500_01:32:59.500_signer07.json
10000350,./videos_1_avi/3_2018_10_Octubre_09-10_cit_34_-_2018-10-09_cit_34_audio_01:33:04.000_01:57:17.000_signer09.avi,30,43591,378,376,3,9,./whisperx/3_2018_10_Octubre_09-10_cit_34_-_2018-10-09_cit_34_audio_01:33:04.000_01:57:17.000_signer09.json
10000351,./videos_1_avi/3_2018_10_Octubre_09-10_cit_34_-_2018-10-09_cit_34_audio_01:57:19.500_02:19:17.500_signer07.avi,30,39541,378,376,3,7,./whisperx/3_2018_10_Octubre_09-10_cit_34_-_2018-10-09_cit_34_audio_01:57:19.500_02:19:17.500_signer07.json
10000352,./videos_1_avi/3_2018_10_Octubre_09-10_cit_34_-_2018-10-09_cit_34_audio_02:19:22.000_02:42:22.000_signer09.avi,30,41400,378,376,3,9,./whisperx/3_2018_10_Octubre_09-10_cit_34_-_2018-10-09_cit_34_audio_02:19:22.000_02:42:22.000_signer09.json
10000353,./videos_1_avi/3_2018_10_Octubre_16-10_cit_35_-_2018-10-16_cit_35_parte_1_audio_00:12:54.500_00:50:08.500_signer09.avi,30,67021,354,378,3,9,./whisperx/3_2018_10_Octubre_16-10_cit_35_-_2018-10-16_cit_35_parte_1_audio_00:12:54.500_00:50:08.500_signer09.json
10000354,./videos_1_avi/3_2018_10_Octubre_16-10_cit_35_-_2018-10-16_cit_35_parte_1_audio_01:39:48.000_02:11:11.200_signer09.avi,30,56497,354,378,3,9,./whisperx/3_2018_10_Octubre_16-10_cit_35_-_2018-10-16_cit_35_parte_1_audio_01:39:48.000_02:11:11.200_signer09.json
10000355,./videos_1_avi/3_2018_10_Octubre_16-10_cit_35_-_2018-10-16_cit_35_parte_1_audio_02:11:14.500_02:34:35.000_signer07.avi,30,42015,354,378,3,7,./whisperx/3_2018_10_Octubre_16-10_cit_35_-_2018-10-16_cit_35_parte_1_audio_02:11:14.500_02:34:35.000_signer07.json
10000356,./videos_1_avi/3_2018_10_Octubre_16-10_cit_35_-_2018-10-16_cit_35_parte_1_audio_02:34:39.000_02:58:11.000_signer09.avi,30,42360,354,378,3,9,./whisperx/3_2018_10_Octubre_16-10_cit_35_-_2018-10-16_cit_35_parte_1_audio_02:34:39.000_02:58:11.000_signer09.json
10000357,./videos_1_avi/3_2018_10_Octubre_16-10_cit_35_-_2018-10-16_cit_35_parte_1_audio_02:58:13.800_03:20:23.000_signer07.avi,30,39877,354,378,3,7,./whisperx/3_2018_10_Octubre_16-10_cit_35_-_2018-10-16_cit_35_parte_1_audio_02:58:13.800_03:20:23.000_signer07.json
10000358,./videos_1_avi/3_2018_10_Octubre_16-10_cit_35_-_2018-10-16_cit_35_parte_1_audio_03:20:29.000_03:50:00.000_signer09.avi,30,53131,354,378,3,9,./whisperx/3_2018_10_Octubre_16-10_cit_35_-_2018-10-16_cit_35_parte_1_audio_03:20:29.000_03:50:00.000_signer09.json
10000359,./videos_1_avi/3_2018_10_Octubre_16-10_cit_35_-_2018-10-16_cit_35_parte_1_audio_03:50:02.750_03:54:50.000_signer07.avi,30,8619,354,378,3,7,./whisperx/3_2018_10_Octubre_16-10_cit_35_-_2018-10-16_cit_35_parte_1_audio_03:50:02.750_03:54:50.000_signer07.json
10000360,./videos_1_avi/3_2018_10_Octubre_16-10_cit_35_-_2018-10-16_cit_35_parte_2_audio_00:00:00.000_00:18:17.000_signer07.avi,30,32911,354,380,3,7,./whisperx/3_2018_10_Octubre_16-10_cit_35_-_2018-10-16_cit_35_parte_2_audio_00:00:00.000_00:18:17.000_signer07.json
10000361,./videos_1_avi/3_2018_10_Octubre_16-10_cit_35_-_2018-10-16_cit_35_parte_2_audio_00:18:22.500_01:08:39.500_signer09.avi,30,90511,354,380,3,9,./whisperx/3_2018_10_Octubre_16-10_cit_35_-_2018-10-16_cit_35_parte_2_audio_00:18:22.500_01:08:39.500_signer09.json
10000362,./videos_1_avi/3_2018_10_Octubre_16-10_cit_35_-_2018-10-16_cit_35_parte_2_audio_01:14:31.750_01:55:34.750_signer09.avi,30,73890,354,380,3,9,./whisperx/3_2018_10_Octubre_16-10_cit_35_-_2018-10-16_cit_35_parte_2_audio_01:14:31.750_01:55:34.750_signer09.json
10000363,./videos_1_avi/3_2018_10_Octubre_16-10_cit_35_-_2018-10-16_cit_35_parte_2_audio_02:01:24.000_02:18:34.000_signer09.avi,30,30901,354,380,3,9,./whisperx/3_2018_10_Octubre_16-10_cit_35_-_2018-10-16_cit_35_parte_2_audio_02:01:24.000_02:18:34.000_signer09.json
10000364,./videos_1_avi/3_2018_10_Octubre_16-10_cit_35_-_2018-10-16_cit_35_parte_2_audio_02:18:37.250_02:43:13.750_signer07.avi,30,44295,354,380,3,7,./whisperx/3_2018_10_Octubre_16-10_cit_35_-_2018-10-16_cit_35_parte_2_audio_02:18:37.250_02:43:13.750_signer07.json
10000365,./videos_1_avi/3_2018_10_Octubre_16-10_cit_35_-_2018-10-16_cit_35_parte_2_audio_02:43:19.500_04:05:44.250_signer09.avi,30,148343,354,380,3,9,./whisperx/3_2018_10_Octubre_16-10_cit_35_-_2018-10-16_cit_35_parte_2_audio_02:43:19.500_04:05:44.250_signer09.json
10000366,./videos_1_avi/3_2018_10_Octubre_16-10_cit_35_-_2018-10-16_cit_35_parte_2_audio_04:07:55.500_04:08:09.000_signer09.avi,30,405,354,380,3,9,./whisperx/3_2018_10_Octubre_16-10_cit_35_-_2018-10-16_cit_35_parte_2_audio_04:07:55.500_04:08:09.000_signer09.json
10000367,./videos_1_avi/3_2018_10_Octubre_17-10_cit_36_-_2018-10-17_cit_36_audio_00:09:36.500_00:26:47.750_signer08.avi,30,30939,342,380,3,8,./whisperx/3_2018_10_Octubre_17-10_cit_36_-_2018-10-17_cit_36_audio_00:09:36.500_00:26:47.750_signer08.json
10000368,./videos_1_avi/3_2018_10_Octubre_17-10_cit_36_-_2018-10-17_cit_36_audio_00:26:50.500_00:42:26.500_signer11.avi,30,28081,342,380,3,11,./whisperx/3_2018_10_Octubre_17-10_cit_36_-_2018-10-17_cit_36_audio_00:26:50.500_00:42:26.500_signer11.json
10000369,./videos_1_avi/3_2018_10_Octubre_17-10_cit_36_-_2018-10-17_cit_36_audio_01:17:51.000_01:18:19.500_signer08.avi,30,855,342,380,3,8,./whisperx/3_2018_10_Octubre_17-10_cit_36_-_2018-10-17_cit_36_audio_01:17:51.000_01:18:19.500_signer08.json
10000370,./videos_1_avi/3_2018_10_Octubre_17-10_cit_36_-_2018-10-17_cit_36_audio_01:58:17.250_02:12:39.000_signer08.avi,30,25853,342,380,3,8,./whisperx/3_2018_10_Octubre_17-10_cit_36_-_2018-10-17_cit_36_audio_01:58:17.250_02:12:39.000_signer08.json
10000371,./videos_1_avi/3_2018_10_Octubre_17-10_cit_36_-_2018-10-17_cit_36_audio_02:12:42.000_02:28:23.000_signer11.avi,30,28231,342,380,3,11,./whisperx/3_2018_10_Octubre_17-10_cit_36_-_2018-10-17_cit_36_audio_02:12:42.000_02:28:23.000_signer11.json
10000372,./videos_1_avi/3_2018_10_Octubre_17-10_cit_36_-_2018-10-17_cit_36_audio_02:28:26.000_02:44:00.750_signer08.avi,30,28043,342,380,3,8,./whisperx/3_2018_10_Octubre_17-10_cit_36_-_2018-10-17_cit_36_audio_02:28:26.000_02:44:00.750_signer08.json
10000373,./videos_1_avi/3_2018_10_Octubre_17-10_cit_36_-_2018-10-17_cit_36_audio_02:44:03.000_02:58:53.000_signer11.avi,30,26701,342,380,3,11,./whisperx/3_2018_10_Octubre_17-10_cit_36_-_2018-10-17_cit_36_audio_02:44:03.000_02:58:53.000_signer11.json
10000374,./videos_1_avi/3_2018_10_Octubre_17-10_cit_36_-_2018-10-17_cit_36_audio_02:58:56.500_03:14:45.750_signer08.avi,30,28479,342,380,3,8,./whisperx/3_2018_10_Octubre_17-10_cit_36_-_2018-10-17_cit_36_audio_02:58:56.500_03:14:45.750_signer08.json
10000375,./videos_1_avi/3_2018_10_Octubre_17-10_cit_36_-_2018-10-17_cit_36_audio_03:14:49.000_03:40:10.000_signer11.avi,30,45630,342,380,3,11,./whisperx/3_2018_10_Octubre_17-10_cit_36_-_2018-10-17_cit_36_audio_03:14:49.000_03:40:10.000_signer11.json
10000376,./videos_1_avi/3_2018_10_Octubre_17-10_cit_36_-_2018-10-17_cit_36_audio_03:40:12.500_04:02:56.500_signer08.avi,30,40921,342,380,3,8,./whisperx/3_2018_10_Octubre_17-10_cit_36_-_2018-10-17_cit_36_audio_03:40:12.500_04:02:56.500_signer08.json
10000377,./videos_1_avi/3_2018_10_Octubre_17-10_cit_36_-_2018-10-17_cit_36_audio_04:02:59.750_04:18:38.500_signer11.avi,30,28163,342,380,3,11,./whisperx/3_2018_10_Octubre_17-10_cit_36_-_2018-10-17_cit_36_audio_04:02:59.750_04:18:38.500_signer11.json
10000378,./videos_1_avi/3_2018_10_Octubre_17-10_cit_36_-_2018-10-17_cit_36_audio_04:18:40.750_04:38:03.500_signer08.avi,30,34884,342,380,3,8,./whisperx/3_2018_10_Octubre_17-10_cit_36_-_2018-10-17_cit_36_audio_04:18:40.750_04:38:03.500_signer08.json
10000379,./videos_1_avi/3_2018_10_Octubre_17-10_cit_36_-_2018-10-17_cit_36_audio_04:38:06.250_04:47:39.500_signer11.avi,30,17199,342,380,3,11,./whisperx/3_2018_10_Octubre_17-10_cit_36_-_2018-10-17_cit_36_audio_04:38:06.250_04:47:39.500_signer11.json
10000380,./videos_1_avi/3_2018_10_Octubre_23-10_cit_37_-_2018-10-23_cit_37_parte_2_audio_00:57:29.000_01:14:31.000_signer07.avi,30,30660,342,380,3,7,./whisperx/3_2018_10_Octubre_23-10_cit_37_-_2018-10-23_cit_37_parte_2_audio_00:57:29.000_01:14:31.000_signer07.json
10000381,./videos_1_avi/3_2018_10_Octubre_24-10_cit_38_-_2018-10-24_cit_38_audio_00:06:29.000_00:21:33.500_signer11.avi,30,27136,342,380,3,11,./whisperx/3_2018_10_Octubre_24-10_cit_38_-_2018-10-24_cit_38_audio_00:06:29.000_00:21:33.500_signer11.json
10000382,./videos_1_avi/3_2018_10_Octubre_24-10_cit_38_-_2018-10-24_cit_38_audio_00:21:36.200_00:36:14.500_signer08.avi,30,26350,342,380,3,8,./whisperx/3_2018_10_Octubre_24-10_cit_38_-_2018-10-24_cit_38_audio_00:21:36.200_00:36:14.500_signer08.json
10000383,./videos_1_avi/3_2018_10_Octubre_24-10_cit_38_-_2018-10-24_cit_38_audio_00:36:17.000_00:54:32.000_signer11.avi,30,32851,342,380,3,11,./whisperx/3_2018_10_Octubre_24-10_cit_38_-_2018-10-24_cit_38_audio_00:36:17.000_00:54:32.000_signer11.json
10000384,./videos_1_avi/3_2018_10_Octubre_24-10_cit_38_-_2018-10-24_cit_38_audio_00:54:34.500_01:11:54.500_signer08.avi,30,31201,342,380,3,8,./whisperx/3_2018_10_Octubre_24-10_cit_38_-_2018-10-24_cit_38_audio_00:54:34.500_01:11:54.500_signer08.json
10000385,./videos_1_avi/3_2018_10_Octubre_24-10_cit_38_-_2018-10-24_cit_38_audio_01:11:57.500_01:33:46.000_signer11.avi,30,39255,342,380,3,11,./whisperx/3_2018_10_Octubre_24-10_cit_38_-_2018-10-24_cit_38_audio_01:11:57.500_01:33:46.000_signer11.json
10000386,./videos_1_avi/3_2018_10_Octubre_24-10_cit_38_-_2018-10-24_cit_38_audio_01:33:48.500_01:52:10.300_signer08.avi,30,33054,342,380,3,8,./whisperx/3_2018_10_Octubre_24-10_cit_38_-_2018-10-24_cit_38_audio_01:33:48.500_01:52:10.300_signer08.json
10000387,./videos_1_avi/3_2018_10_Octubre_24-10_cit_38_-_2018-10-24_cit_38_audio_01:52:12.700_02:11:45.000_signer11.avi,30,35169,342,380,3,11,./whisperx/3_2018_10_Octubre_24-10_cit_38_-_2018-10-24_cit_38_audio_01:52:12.700_02:11:45.000_signer11.json
10000388,./videos_1_avi/3_2018_10_Octubre_24-10_cit_38_-_2018-10-24_cit_38_audio_02:11:47.500_02:29:16.000_signer08.avi,30,31456,342,380,3,8,./whisperx/3_2018_10_Octubre_24-10_cit_38_-_2018-10-24_cit_38_audio_02:11:47.500_02:29:16.000_signer08.json
10000389,./videos_1_avi/3_2018_10_Octubre_24-10_cit_38_-_2018-10-24_cit_38_audio_02:29:19.000_02:43:47.000_signer11.avi,30,26041,342,380,3,11,./whisperx/3_2018_10_Octubre_24-10_cit_38_-_2018-10-24_cit_38_audio_02:29:19.000_02:43:47.000_signer11.json
10000390,./videos_1_avi/3_2018_10_Octubre_24-10_cit_38_-_2018-10-24_cit_38_audio_02:43:50.000_02:50:32.000_signer08.avi,30,12061,342,380,3,8,./whisperx/3_2018_10_Octubre_24-10_cit_38_-_2018-10-24_cit_38_audio_02:43:50.000_02:50:32.000_signer08.json
10000391,./videos_1_avi/3_2018_10_Octubre_25-10_cit_39_-_2018-10-25_cit_39_audio_00:02:35.000_00:35:06.000_signer07.avi,30,58530,374,380,3,7,./whisperx/3_2018_10_Octubre_25-10_cit_39_-_2018-10-25_cit_39_audio_00:02:35.000_00:35:06.000_signer07.json
10000392,./videos_1_avi/3_2018_10_Octubre_25-10_cit_39_-_2018-10-25_cit_39_audio_00:40:29.000_01:02:38.000_signer07.avi,30,39870,374,380,3,7,./whisperx/3_2018_10_Octubre_25-10_cit_39_-_2018-10-25_cit_39_audio_00:40:29.000_01:02:38.000_signer07.json
10000393,./videos_1_avi/3_2019_05_Mayo_14-05_cit_8_-_2019-05-14_SENADO_parte_audio_00:12:36.000_00:30:42.000_signer14.avi,30,32580,372,408,3,14,./whisperx/3_2019_05_Mayo_14-05_cit_8_-_2019-05-14_SENADO_parte_audio_00:12:36.000_00:30:42.000_signer14.json
10000394,./videos_1_avi/3_2019_05_Mayo_14-05_cit_8_-_2019-05-14_SENADO_parte_audio_00:30:48.000_00:50:55.000_signer10.avi,30,36211,372,408,3,10,./whisperx/3_2019_05_Mayo_14-05_cit_8_-_2019-05-14_SENADO_parte_audio_00:30:48.000_00:50:55.000_signer10.json
10000395,./videos_1_avi/3_2019_05_Mayo_14-05_cit_8_-_2019-05-14_SENADO_parte_audio_00:50:59.000_01:15:35.500_signer14.avi,30,44295,372,408,3,14,./whisperx/3_2019_05_Mayo_14-05_cit_8_-_2019-05-14_SENADO_parte_audio_00:50:59.000_01:15:35.500_signer14.json
10000396,./videos_1_avi/3_2019_05_Mayo_14-05_cit_8_-_2019-05-14_SENADO_parte_audio_01:15:39.000_01:33:06.500_signer10.avi,30,31425,372,408,3,10,./whisperx/3_2019_05_Mayo_14-05_cit_8_-_2019-05-14_SENADO_parte_audio_01:15:39.000_01:33:06.500_signer10.json
10000397,./videos_1_avi/3_2019_05_Mayo_14-05_cit_8_-_2019-05-14_SENADO_parte_audio_01:33:09.500_01:42:46.000_signer14.avi,30,17296,372,408,3,14,./whisperx/3_2019_05_Mayo_14-05_cit_8_-_2019-05-14_SENADO_parte_audio_01:33:09.500_01:42:46.000_signer14.json
10000398,./videos_1_avi/3_2019_05_Mayo_15-05_cit_9_-_2019-05-15_SENADO_audio_00:00:20.500_01:30:03.000_signer14.avi,30,161476,372,408,3,14,./whisperx/3_2019_05_Mayo_15-05_cit_9_-_2019-05-15_SENADO_audio_00:00:20.500_01:30:03.000_signer14.json
10000399,./videos_1_avi/3_2019_05_Mayo_15-05_cit_9_-_2019-05-15_SENADO_audio_01:35:02.000_01:38:19.000_signer14.avi,30,5911,372,408,3,14,./whisperx/3_2019_05_Mayo_15-05_cit_9_-_2019-05-15_SENADO_audio_01:35:02.000_01:38:19.000_signer14.json
10000400,./videos_1_avi/3_2019_05_Mayo_15-05_cit_9_-_2019-05-15_SENADO_audio_01:38:20.000_02:02:15.000_signer15.avi,30,43051,372,408,3,15,./whisperx/3_2019_05_Mayo_15-05_cit_9_-_2019-05-15_SENADO_audio_01:38:20.000_02:02:15.000_signer15.json
10000401,./videos_1_avi/3_2019_05_Mayo_15-05_cit_9_-_2019-05-15_SENADO_audio_02:02:20.000_02:30:04.000_signer16.avi,30,49920,372,408,3,16,./whisperx/3_2019_05_Mayo_15-05_cit_9_-_2019-05-15_SENADO_audio_02:02:20.000_02:30:04.000_signer16.json
10000402,./videos_1_avi/3_2019_05_Mayo_15-05_cit_9_-_2019-05-15_SENADO_audio_02:30:08.000_02:46:42.500_signer14.avi,30,29835,372,408,3,14,./whisperx/3_2019_05_Mayo_15-05_cit_9_-_2019-05-15_SENADO_audio_02:30:08.000_02:46:42.500_signer14.json
10000403,./videos_1_avi/3_2019_05_Mayo_15-05_cit_9_-_2019-05-15_SENADO_audio_02:46:47.500_03:25:25.000_signer16.avi,30,69525,372,408,3,16,./whisperx/3_2019_05_Mayo_15-05_cit_9_-_2019-05-15_SENADO_audio_02:46:47.500_03:25:25.000_signer16.json
10000404,./videos_1_avi/3_2019_05_Mayo_15-05_cit_9_-_2019-05-15_SENADO_audio_03:25:29.000_05:22:17.000_signer14.avi,30,210241,372,408,3,14,./whisperx/3_2019_05_Mayo_15-05_cit_9_-_2019-05-15_SENADO_audio_03:25:29.000_05:22:17.000_signer14.json
10000405,./videos_1_avi/3_2019_05_Mayo_7-05_cit_6_-_2019-05-07_SENADO_audio_00:09:34.000_00:32:31.000_signer14.avi,30,41310,424,418,3,14,./whisperx/3_2019_05_Mayo_7-05_cit_6_-_2019-05-07_SENADO_audio_00:09:34.000_00:32:31.000_signer14.json
10000406,./videos_1_avi/3_2019_05_Mayo_7-05_cit_6_-_2019-05-07_SENADO_audio_00:32:35.500_00:50:34.500_signer10.avi,30,32370,424,418,3,10,./whisperx/3_2019_05_Mayo_7-05_cit_6_-_2019-05-07_SENADO_audio_00:32:35.500_00:50:34.500_signer10.json
10000407,./videos_1_avi/3_2019_05_Mayo_7-05_cit_6_-_2019-05-07_SENADO_audio_00:50:38.000_01:17:16.000_signer14.avi,30,47941,424,418,3,14,./whisperx/3_2019_05_Mayo_7-05_cit_6_-_2019-05-07_SENADO_audio_00:50:38.000_01:17:16.000_signer14.json
10000408,./videos_1_avi/3_2019_05_Mayo_7-05_cit_6_-_2019-05-07_SENADO_audio_01:17:20.000_01:37:17.000_signer10.avi,30,35910,424,418,3,10,./whisperx/3_2019_05_Mayo_7-05_cit_6_-_2019-05-07_SENADO_audio_01:17:20.000_01:37:17.000_signer10.json
10000409,./videos_1_avi/3_2019_05_Mayo_7-05_cit_6_-_2019-05-07_SENADO_audio_01:37:20.500_02:03:59.500_signer14.avi,30,47970,424,418,3,14,./whisperx/3_2019_05_Mayo_7-05_cit_6_-_2019-05-07_SENADO_audio_01:37:20.500_02:03:59.500_signer14.json
10000410,./videos_1_avi/3_2019_05_Mayo_7-05_cit_6_-_2019-05-07_SENADO_audio_02:04:02.500_02:12:09.000_signer10.avi,30,14596,424,418,3,10,./whisperx/3_2019_05_Mayo_7-05_cit_6_-_2019-05-07_SENADO_audio_02:04:02.500_02:12:09.000_signer10.json
10000411,./videos_1_avi/3_2019_05_Mayo_8-05_cit_7_-_2019-05-08_SENADO_parte_audio_00:10:45.000_00:23:40.000_signer07.avi,30,23251,386,408,3,7,./whisperx/3_2019_05_Mayo_8-05_cit_7_-_2019-05-08_SENADO_parte_audio_00:10:45.000_00:23:40.000_signer07.json
10000412,./videos_1_avi/3_2019_05_Mayo_8-05_cit_7_-_2019-05-08_SENADO_parte_audio_00:23:43.000_00:46:32.000_signer14.avi,30,41071,386,408,3,14,./whisperx/3_2019_05_Mayo_8-05_cit_7_-_2019-05-08_SENADO_parte_audio_00:23:43.000_00:46:32.000_signer14.json
10000413,./videos_1_avi/3_2019_05_Mayo_8-05_cit_7_-_2019-05-08_SENADO_parte_audio_00:46:35.000_01:06:14.750_signer07.avi,30,35394,386,408,3,7,./whisperx/3_2019_05_Mayo_8-05_cit_7_-_2019-05-08_SENADO_parte_audio_00:46:35.000_01:06:14.750_signer07.json
10000414,./videos_1_avi/3_2019_05_Mayo_8-05_cit_7_-_2019-05-08_SENADO_parte_audio_01:06:17.500_01:29:01.500_signer14.avi,30,40921,386,408,3,14,./whisperx/3_2019_05_Mayo_8-05_cit_7_-_2019-05-08_SENADO_parte_audio_01:06:17.500_01:29:01.500_signer14.json
10000415,./videos_1_avi/3_2019_05_Mayo_8-05_cit_7_-_2019-05-08_SENADO_parte_audio_01:29:45.500_01:51:06.500_signer07.avi,30,38430,386,408,3,7,./whisperx/3_2019_05_Mayo_8-05_cit_7_-_2019-05-08_SENADO_parte_audio_01:29:45.500_01:51:06.500_signer07.json
10000416,./videos_1_avi/3_2019_05_Mayo_8-05_cit_7_-_2019-05-08_SENADO_parte_audio_01:51:09.000_02:03:34.000_signer14.avi,30,22351,386,408,3,14,./whisperx/3_2019_05_Mayo_8-05_cit_7_-_2019-05-08_SENADO_parte_audio_01:51:09.000_02:03:34.000_signer14.json
10000417,./videos_1_avi/3_2019_07_Julio_02-07_cit_14_-_2019-07-02_SENADO_parte_audio_00:05:43.000_00:46:17.500_signer14.avi,30,73036,388,418,3,14,./whisperx/3_2019_07_Julio_02-07_cit_14_-_2019-07-02_SENADO_parte_audio_00:05:43.000_00:46:17.500_signer14.json
10000418,./videos_1_avi/3_2019_07_Julio_02-07_cit_14_-_2019-07-02_SENADO_parte_audio_00:46:22.500_01:05:37.000_signer10.avi,30,34635,388,418,3,10,./whisperx/3_2019_07_Julio_02-07_cit_14_-_2019-07-02_SENADO_parte_audio_00:46:22.500_01:05:37.000_signer10.json
10000419,./videos_1_avi/3_2019_07_Julio_02-07_cit_14_-_2019-07-02_SENADO_parte_audio_01:41:10.000_01:58:28.500_signer10.avi,30,31155,388,418,3,10,./whisperx/3_2019_07_Julio_02-07_cit_14_-_2019-07-02_SENADO_parte_audio_01:41:10.000_01:58:28.500_signer10.json
10000420,./videos_1_avi/3_2019_07_Julio_02-07_cit_14_-_2019-07-02_SENADO_parte_audio_01:58:31.000_02:26:19.000_signer14.avi,30,50040,388,418,3,14,./whisperx/3_2019_07_Julio_02-07_cit_14_-_2019-07-02_SENADO_parte_audio_01:58:31.000_02:26:19.000_signer14.json
10000421,./videos_1_avi/3_2019_07_Julio_02-07_cit_14_-_2019-07-02_SENADO_parte_audio_02:26:23.500_02:50:47.500_signer10.avi,30,43921,388,418,3,10,./whisperx/3_2019_07_Julio_02-07_cit_14_-_2019-07-02_SENADO_parte_audio_02:26:23.500_02:50:47.500_signer10.json
10000422,./videos_1_avi/3_2019_07_Julio_02-07_cit_14_-_2019-07-02_SENADO_parte_audio_02:50:51.000_03:10:09.500_signer14.avi,30,34756,388,418,3,14,./whisperx/3_2019_07_Julio_02-07_cit_14_-_2019-07-02_SENADO_parte_audio_02:50:51.000_03:10:09.500_signer14.json
10000423,./videos_1_avi/3_2019_07_Julio_02-07_cit_14_-_2019-07-02_SENADO_parte_audio_03:10:17.000_03:14:43.000_signer10.avi,30,7980,388,418,3,10,./whisperx/3_2019_07_Julio_02-07_cit_14_-_2019-07-02_SENADO_parte_audio_03:10:17.000_03:14:43.000_signer10.json
10000424,./videos_1_avi/3_2019_07_Julio_03-07_cit_15_-_2019-07-03_SENADO_parte_audio_00:05:15.500_00:26:53.000_signer07.avi,30,38926,382,432,3,7,./whisperx/3_2019_07_Julio_03-07_cit_15_-_2019-07-03_SENADO_parte_audio_00:05:15.500_00:26:53.000_signer07.json
10000425,./videos_1_avi/3_2019_07_Julio_03-07_cit_15_-_2019-07-03_SENADO_parte_audio_00:26:56.500_00:52:17.500_signer13.avi,30,45631,382,432,3,13,./whisperx/3_2019_07_Julio_03-07_cit_15_-_2019-07-03_SENADO_parte_audio_00:26:56.500_00:52:17.500_signer13.json
10000426,./videos_1_avi/3_2019_07_Julio_03-07_cit_15_-_2019-07-03_SENADO_parte_audio_00:52:21.000_01:09:57.000_signer07.avi,30,31681,382,432,3,7,./whisperx/3_2019_07_Julio_03-07_cit_15_-_2019-07-03_SENADO_parte_audio_00:52:21.000_01:09:57.000_signer07.json
10000427,./videos_1_avi/3_2019_07_Julio_03-07_cit_15_-_2019-07-03_SENADO_parte_audio_01:10:00.000_01:31:14.000_signer13.avi,30,38221,382,432,3,13,./whisperx/3_2019_07_Julio_03-07_cit_15_-_2019-07-03_SENADO_parte_audio_01:10:00.000_01:31:14.000_signer13.json
10000428,./videos_1_avi/3_2019_07_Julio_03-07_cit_15_-_2019-07-03_SENADO_parte_audio_01:31:17.250_01:50:41.250_signer07.avi,30,34921,382,432,3,7,./whisperx/3_2019_07_Julio_03-07_cit_15_-_2019-07-03_SENADO_parte_audio_01:31:17.250_01:50:41.250_signer07.json
10000429,./videos_1_avi/3_2019_07_Julio_03-07_cit_15_-_2019-07-03_SENADO_parte_audio_01:50:44.750_02:18:06.500_signer13.avi,30,49254,382,432,3,13,./whisperx/3_2019_07_Julio_03-07_cit_15_-_2019-07-03_SENADO_parte_audio_01:50:44.750_02:18:06.500_signer13.json
10000430,./videos_1_avi/3_2019_07_Julio_03-07_cit_15_-_2019-07-03_SENADO_parte_audio_02:18:09.750_02:36:48.750_signer07.avi,30,33571,382,432,3,7,./whisperx/3_2019_07_Julio_03-07_cit_15_-_2019-07-03_SENADO_parte_audio_02:18:09.750_02:36:48.750_signer07.json
10000431,./videos_1_avi/3_2019_07_Julio_03-07_cit_15_-_2019-07-03_SENADO_parte_audio_02:36:52.250_02:47:23.500_signer13.avi,30,18939,382,432,3,13,./whisperx/3_2019_07_Julio_03-07_cit_15_-_2019-07-03_SENADO_parte_audio_02:36:52.250_02:47:23.500_signer13.json
10000432,./videos_1_avi/3_2019_07_Julio_09-07_cit_16_-_2019-07-09_SENADO_parte_1_audio_00:05:35.500_00:26:04.000_signer07.avi,30,36856,374,404,3,7,./whisperx/3_2019_07_Julio_09-07_cit_16_-_2019-07-09_SENADO_parte_1_audio_00:05:35.500_00:26:04.000_signer07.json
10000433,./videos_1_avi/3_2019_07_Julio_09-07_cit_16_-_2019-07-09_SENADO_parte_1_audio_00:26:08.000_00:51:51.250_signer10.avi,30,46298,374,404,3,10,./whisperx/3_2019_07_Julio_09-07_cit_16_-_2019-07-09_SENADO_parte_1_audio_00:26:08.000_00:51:51.250_signer10.json
10000434,./videos_1_avi/3_2019_07_Julio_09-07_cit_16_-_2019-07-09_SENADO_parte_1_audio_00:51:54.500_01:10:15.750_signer07.avi,30,33038,374,404,3,7,./whisperx/3_2019_07_Julio_09-07_cit_16_-_2019-07-09_SENADO_parte_1_audio_00:51:54.500_01:10:15.750_signer07.json
10000435,./videos_1_avi/3_2019_07_Julio_09-07_cit_16_-_2019-07-09_SENADO_parte_1_audio_01:10:18.750_01:35:39.750_signer10.avi,30,45630,374,404,3,10,./whisperx/3_2019_07_Julio_09-07_cit_16_-_2019-07-09_SENADO_parte_1_audio_01:10:18.750_01:35:39.750_signer10.json
10000436,./videos_1_avi/3_2019_07_Julio_09-07_cit_16_-_2019-07-09_SENADO_parte_1_audio_01:35:42.750_01:48:26.500_signer07.avi,30,22914,374,404,3,7,./whisperx/3_2019_07_Julio_09-07_cit_16_-_2019-07-09_SENADO_parte_1_audio_01:35:42.750_01:48:26.500_signer07.json
10000437,./videos_1_avi/3_2019_07_Julio_09-07_cit_16_-_2019-07-09_SENADO_parte_2_audio_00:33:20.500_00:47:23.250_signer07.avi,30,25283,374,404,3,7,./whisperx/3_2019_07_Julio_09-07_cit_16_-_2019-07-09_SENADO_parte_2_audio_00:33:20.500_00:47:23.250_signer07.json
10000438,./videos_1_avi/3_2019_07_Julio_09-07_cit_16_-_2019-07-09_SENADO_parte_2_audio_00:47:27.500_01:14:01.250_signer10.avi,30,47814,374,404,3,10,./whisperx/3_2019_07_Julio_09-07_cit_16_-_2019-07-09_SENADO_parte_2_audio_00:47:27.500_01:14:01.250_signer10.json
10000439,./videos_1_avi/3_2019_07_Julio_09-07_cit_16_-_2019-07-09_SENADO_parte_2_audio_01:14:04.000_01:25:00.000_signer07.avi,30,19680,374,404,3,7,./whisperx/3_2019_07_Julio_09-07_cit_16_-_2019-07-09_SENADO_parte_2_audio_01:14:04.000_01:25:00.000_signer07.json
10000440,./videos_1_avi/3_2019_07_Julio_09-07_cit_16_-_2019-07-09_SENADO_parte_2_audio_01:25:04.750_01:39:09.500_signer10.avi,30,25343,374,404,3,10,./whisperx/3_2019_07_Julio_09-07_cit_16_-_2019-07-09_SENADO_parte_2_audio_01:25:04.750_01:39:09.500_signer10.json
10000441,./videos_1_avi/3_2019_07_Julio_09-07_cit_16_-_2019-07-09_SENADO_parte_2_audio_01:39:12.750_01:58:49.000_signer07.avi,30,35289,374,404,3,7,./whisperx/3_2019_07_Julio_09-07_cit_16_-_2019-07-09_SENADO_parte_2_audio_01:39:12.750_01:58:49.000_signer07.json
10000442,./videos_1_avi/3_2019_07_Julio_10-07_cit_17_-_2019-07-10_SENADO_parte_audio_00:06:41.750_00:26:14.500_signer14.avi,30,35184,376,404,3,14,./whisperx/3_2019_07_Julio_10-07_cit_17_-_2019-07-10_SENADO_parte_audio_00:06:41.750_00:26:14.500_signer14.json
10000443,./videos_1_avi/3_2019_07_Julio_10-07_cit_17_-_2019-07-10_SENADO_parte_audio_00:26:18.000_00:46:28.500_signer07.avi,30,36316,376,404,3,7,./whisperx/3_2019_07_Julio_10-07_cit_17_-_2019-07-10_SENADO_parte_audio_00:26:18.000_00:46:28.500_signer07.json
10000444,./videos_1_avi/3_2019_07_Julio_10-07_cit_17_-_2019-07-10_SENADO_parte_audio_00:46:31.000_00:57:27.000_signer14.avi,30,19680,376,404,3,14,./whisperx/3_2019_07_Julio_10-07_cit_17_-_2019-07-10_SENADO_parte_audio_00:46:31.000_00:57:27.000_signer14.json
10000445,./videos_1_avi/3_2019_07_Julio_10-07_cit_17_-_2019-07-10_SENADO_parte_audio_01:11:31.500_01:24:22.500_signer14.avi,30,23131,376,404,3,14,./whisperx/3_2019_07_Julio_10-07_cit_17_-_2019-07-10_SENADO_parte_audio_01:11:31.500_01:24:22.500_signer14.json
10000446,./videos_1_avi/3_2019_07_Julio_10-07_cit_17_-_2019-07-10_SENADO_parte_audio_01:24:26.000_01:41:26.000_signer07.avi,30,30600,376,404,3,7,./whisperx/3_2019_07_Julio_10-07_cit_17_-_2019-07-10_SENADO_parte_audio_01:24:26.000_01:41:26.000_signer07.json
10000447,./videos_1_avi/3_2019_07_Julio_10-07_cit_17_-_2019-07-10_SENADO_parte_audio_01:41:29.500_02:07:12.000_signer14.avi,30,46276,376,404,3,14,./whisperx/3_2019_07_Julio_10-07_cit_17_-_2019-07-10_SENADO_parte_audio_01:41:29.500_02:07:12.000_signer14.json
10000448,./videos_1_avi/3_2019_07_Julio_10-07_cit_17_-_2019-07-10_SENADO_parte_audio_02:07:16.000_02:23:00.500_signer07.avi,30,28335,376,404,3,7,./whisperx/3_2019_07_Julio_10-07_cit_17_-_2019-07-10_SENADO_parte_audio_02:07:16.000_02:23:00.500_signer07.json
10000449,./videos_1_avi/3_2019_07_Julio_10-07_cit_17_-_2019-07-10_SENADO_parte_audio_02:23:03.000_02:29:36.000_signer14.avi,30,11791,376,404,3,14,./whisperx/3_2019_07_Julio_10-07_cit_17_-_2019-07-10_SENADO_parte_audio_02:23:03.000_02:29:36.000_signer14.json
10000450,./videos_1_avi/3_2019_07_Julio_16-07_cit_18_-_2019-07-16_SENADO_audio_00:13:37.500_00:37:15.000_signer15.avi,30,42526,404,422,3,15,./whisperx/3_2019_07_Julio_16-07_cit_18_-_2019-07-16_SENADO_audio_00:13:37.500_00:37:15.000_signer15.json
10000451,./videos_1_avi/3_2019_07_Julio_16-07_cit_18_-_2019-07-16_SENADO_audio_00:37:18.500_01:03:53.000_signer14.avi,30,47835,404,422,3,14,./whisperx/3_2019_07_Julio_16-07_cit_18_-_2019-07-16_SENADO_audio_00:37:18.500_01:03:53.000_signer14.json
10000452,./videos_1_avi/3_2019_07_Julio_16-07_cit_18_-_2019-07-16_SENADO_audio_01:03:57.500_01:27:39.000_signer15.avi,30,42645,404,422,3,15,./whisperx/3_2019_07_Julio_16-07_cit_18_-_2019-07-16_SENADO_audio_01:03:57.500_01:27:39.000_signer15.json
10000453,./videos_1_avi/3_2019_07_Julio_16-07_cit_18_-_2019-07-16_SENADO_audio_01:27:45.000_01:45:35.000_signer14.avi,30,32101,404,422,3,14,./whisperx/3_2019_07_Julio_16-07_cit_18_-_2019-07-16_SENADO_audio_01:27:45.000_01:45:35.000_signer14.json
10000454,./videos_1_avi/3_2019_07_Julio_16-07_cit_18_-_2019-07-16_SENADO_audio_01:45:38.500_02:05:34.000_signer15.avi,30,35865,404,422,3,15,./whisperx/3_2019_07_Julio_16-07_cit_18_-_2019-07-16_SENADO_audio_01:45:38.500_02:05:34.000_signer15.json
10000455,./videos_1_avi/3_2019_07_Julio_16-07_cit_18_-_2019-07-16_SENADO_audio_02:05:38.000_02:26:34.500_signer14.avi,30,37696,404,422,3,14,./whisperx/3_2019_07_Julio_16-07_cit_18_-_2019-07-16_SENADO_audio_02:05:38.000_02:26:34.500_signer14.json
10000456,./videos_1_avi/3_2019_07_Julio_16-07_cit_18_-_2019-07-16_SENADO_audio_02:26:38.500_02:41:15.500_signer15.avi,30,26311,404,422,3,15,./whisperx/3_2019_07_Julio_16-07_cit_18_-_2019-07-16_SENADO_audio_02:26:38.500_02:41:15.500_signer15.json
10000457,./videos_1_avi/3_2019_07_Julio_16-07_cit_18_-_2019-07-16_SENADO_audio_02:41:18.500_03:02:20.500_signer14.avi,30,37860,404,422,3,14,./whisperx/3_2019_07_Julio_16-07_cit_18_-_2019-07-16_SENADO_audio_02:41:18.500_03:02:20.500_signer14.json
10000458,./videos_1_avi/3_2019_07_Julio_16-07_cit_18_-_2019-07-16_SENADO_audio_03:02:24.000_03:23:44.000_signer15.avi,30,38401,404,422,3,15,./whisperx/3_2019_07_Julio_16-07_cit_18_-_2019-07-16_SENADO_audio_03:02:24.000_03:23:44.000_signer15.json
10000459,./videos_1_avi/3_2019_07_Julio_16-07_cit_18_-_2019-07-16_SENADO_audio_03:23:47.500_03:44:34.500_signer14.avi,30,37411,404,422,3,14,./whisperx/3_2019_07_Julio_16-07_cit_18_-_2019-07-16_SENADO_audio_03:23:47.500_03:44:34.500_signer14.json
10000460,./videos_1_avi/3_2019_07_Julio_16-07_cit_18_-_2019-07-16_SENADO_audio_03:44:37.500_04:05:52.500_signer15.avi,30,38251,404,422,3,15,./whisperx/3_2019_07_Julio_16-07_cit_18_-_2019-07-16_SENADO_audio_03:44:37.500_04:05:52.500_signer15.json
10000461,./videos_1_avi/3_2019_07_Julio_16-07_cit_18_-_2019-07-16_SENADO_audio_04:05:55.500_04:27:03.500_signer14.avi,30,38040,404,422,3,14,./whisperx/3_2019_07_Julio_16-07_cit_18_-_2019-07-16_SENADO_audio_04:05:55.500_04:27:03.500_signer14.json
10000462,./videos_1_avi/3_2019_07_Julio_16-07_cit_18_-_2019-07-16_SENADO_audio_04:27:06.500_04:46:18.000_signer15.avi,30,34546,404,422,3,15,./whisperx/3_2019_07_Julio_16-07_cit_18_-_2019-07-16_SENADO_audio_04:27:06.500_04:46:18.000_signer15.json
10000463,./videos_1_avi/3_2019_07_Julio_16-07_cit_18_-_2019-07-16_SENADO_audio_04:46:21.000_05:07:56.000_signer14.avi,30,38851,404,422,3,14,./whisperx/3_2019_07_Julio_16-07_cit_18_-_2019-07-16_SENADO_audio_04:46:21.000_05:07:56.000_signer14.json
10000464,./videos_1_avi/3_2019_07_Julio_16-07_cit_18_-_2019-07-16_SENADO_audio_05:07:59.500_05:21:32.000_signer15.avi,30,24376,404,422,3,15,./whisperx/3_2019_07_Julio_16-07_cit_18_-_2019-07-16_SENADO_audio_05:07:59.500_05:21:32.000_signer15.json
10000465,./videos_1_avi/3_2019_08_Agosto_06-08_cit_20_-_2019-08-06_SENADO_parte_2_audio_00:18:05.000_00:37:44.000_signer14.avi,30,35370,384,388,3,14,./whisperx/3_2019_08_Agosto_06-08_cit_20_-_2019-08-06_SENADO_parte_2_audio_00:18:05.000_00:37:44.000_signer14.json
10000466,./videos_1_avi/3_2019_08_Agosto_06-08_cit_20_-_2019-08-06_SENADO_parte_2_audio_00:37:47.500_00:56:14.000_signer07.avi,30,33195,384,388,3,7,./whisperx/3_2019_08_Agosto_06-08_cit_20_-_2019-08-06_SENADO_parte_2_audio_00:37:47.500_00:56:14.000_signer07.json
10000467,./videos_1_avi/3_2019_08_Agosto_06-08_cit_20_-_2019-08-06_SENADO_parte_2_audio_00:56:16.000_00:57:35.500_signer14.avi,30,2385,384,388,3,14,./whisperx/3_2019_08_Agosto_06-08_cit_20_-_2019-08-06_SENADO_parte_2_audio_00:56:16.000_00:57:35.500_signer14.json
10000468,./videos_1_avi/3_2019_08_Agosto_07-08_cit_21_-_2019-08-07_SENADO_parte_audio_00:08:59.000_00:28:31.000_signer07.avi,30,35161,384,394,3,7,./whisperx/3_2019_08_Agosto_07-08_cit_21_-_2019-08-07_SENADO_parte_audio_00:08:59.000_00:28:31.000_signer07.json
10000469,./videos_1_avi/3_2019_08_Agosto_07-08_cit_21_-_2019-08-07_SENADO_parte_audio_00:28:33.500_00:52:00.250_signer14.avi,30,42203,384,394,3,14,./whisperx/3_2019_08_Agosto_07-08_cit_21_-_2019-08-07_SENADO_parte_audio_00:28:33.500_00:52:00.250_signer14.json
10000470,./videos_1_avi/3_2019_08_Agosto_07-08_cit_21_-_2019-08-07_SENADO_parte_audio_00:52:03.250_01:10:19.000_signer07.avi,30,32873,384,394,3,7,./whisperx/3_2019_08_Agosto_07-08_cit_21_-_2019-08-07_SENADO_parte_audio_00:52:03.250_01:10:19.000_signer07.json
10000471,./videos_1_avi/3_2019_08_Agosto_07-08_cit_21_-_2019-08-07_SENADO_parte_audio_01:10:21.500_01:36:58.000_signer14.avi,30,47896,384,394,3,14,./whisperx/3_2019_08_Agosto_07-08_cit_21_-_2019-08-07_SENADO_parte_audio_01:10:21.500_01:36:58.000_signer14.json
10000472,./videos_1_avi/3_2019_08_Agosto_07-08_cit_21_-_2019-08-07_SENADO_parte_audio_01:37:01.250_01:54:24.250_signer07.avi,30,31290,384,394,3,7,./whisperx/3_2019_08_Agosto_07-08_cit_21_-_2019-08-07_SENADO_parte_audio_01:37:01.250_01:54:24.250_signer07.json
10000473,./videos_1_avi/3_2019_08_Agosto_07-08_cit_21_-_2019-08-07_SENADO_parte_audio_01:54:26.750_02:23:30.000_signer14.avi,30,52298,384,394,3,14,./whisperx/3_2019_08_Agosto_07-08_cit_21_-_2019-08-07_SENADO_parte_audio_01:54:26.750_02:23:30.000_signer14.json
10000474,./videos_1_avi/3_2019_08_Agosto_07-08_cit_21_-_2019-08-07_SENADO_parte_audio_02:23:33.250_02:39:43.500_signer07.avi,30,29109,384,394,3,7,./whisperx/3_2019_08_Agosto_07-08_cit_21_-_2019-08-07_SENADO_parte_audio_02:23:33.250_02:39:43.500_signer07.json
10000475,./videos_1_avi/3_2019_08_Agosto_07-08_cit_21_-_2019-08-07_SENADO_parte_audio_02:39:46.000_03:02:22.750_signer14.avi,30,40704,384,394,3,14,./whisperx/3_2019_08_Agosto_07-08_cit_21_-_2019-08-07_SENADO_parte_audio_02:39:46.000_03:02:22.750_signer14.json
10000476,./videos_1_avi/3_2019_08_Agosto_07-08_cit_21_-_2019-08-07_SENADO_parte_audio_03:02:26.250_03:22:56.000_signer07.avi,30,36894,384,394,3,7,./whisperx/3_2019_08_Agosto_07-08_cit_21_-_2019-08-07_SENADO_parte_audio_03:02:26.250_03:22:56.000_signer07.json
10000477,./videos_1_avi/3_2019_08_Agosto_08-08_cit_22_-_2019-08-08_SENADO_parte_audio_00:05:17.000_00:09:16.000_signer07.avi,30,7170,382,414,3,7,./whisperx/3_2019_08_Agosto_08-08_cit_22_-_2019-08-08_SENADO_parte_audio_00:05:17.000_00:09:16.000_signer07.json
10000478,./videos_1_avi/3_2019_08_Agosto_13-08_cit_23_-_2019-08-13_SENADO_parte_2_audio_00:13:10.000_00:20:34.500_signer14.avi,30,13336,384,416,3,14,./whisperx/3_2019_08_Agosto_13-08_cit_23_-_2019-08-13_SENADO_parte_2_audio_00:13:10.000_00:20:34.500_signer14.json
10000479,./videos_1_avi/3_2019_08_Agosto_13-08_cit_23_-_2019-08-13_SENADO_parte_2_audio_00:20:38.000_00:39:23.500_signer07.avi,30,33765,384,416,3,7,./whisperx/3_2019_08_Agosto_13-08_cit_23_-_2019-08-13_SENADO_parte_2_audio_00:20:38.000_00:39:23.500_signer07.json
10000480,./videos_1_avi/3_2019_08_Agosto_13-08_cit_23_-_2019-08-13_SENADO_parte_2_audio_00:39:26.250_01:01:44.250_signer14.avi,30,40141,384,416,3,14,./whisperx/3_2019_08_Agosto_13-08_cit_23_-_2019-08-13_SENADO_parte_2_audio_00:39:26.250_01:01:44.250_signer14.json
10000481,./videos_1_avi/3_2019_08_Agosto_13-08_cit_23_-_2019-08-13_SENADO_parte_2_audio_01:01:49.500_01:37:48.750_signer07.avi,30,64779,384,416,3,7,./whisperx/3_2019_08_Agosto_13-08_cit_23_-_2019-08-13_SENADO_parte_2_audio_01:01:49.500_01:37:48.750_signer07.json
10000482,./videos_1_avi/3_2019_08_Agosto_13-08_cit_23_-_2019-08-13_SENADO_parte_2_audio_01:37:51.000_02:07:23.500_signer14.avi,30,53176,384,416,3,14,./whisperx/3_2019_08_Agosto_13-08_cit_23_-_2019-08-13_SENADO_parte_2_audio_01:37:51.000_02:07:23.500_signer14.json
10000483,./videos_1_avi/3_2019_08_Agosto_13-08_cit_23_-_2019-08-13_SENADO_parte_2_audio_02:07:30.000_02:29:05.750_signer07.avi,30,38873,384,416,3,7,./whisperx/3_2019_08_Agosto_13-08_cit_23_-_2019-08-13_SENADO_parte_2_audio_02:07:30.000_02:29:05.750_signer07.json
10000484,./videos_1_avi/3_2019_08_Agosto_13-08_cit_23_-_2019-08-13_SENADO_parte_2_audio_02:29:08.500_02:37:29.000_signer14.avi,30,15016,384,416,3,14,./whisperx/3_2019_08_Agosto_13-08_cit_23_-_2019-08-13_SENADO_parte_2_audio_02:29:08.500_02:37:29.000_signer14.json
10000485,./videos_1_avi/3_2019_08_Agosto_13-08_cit_23_-_2019-08-13_SENADO_parte_audio_00:06:20.750_00:31:55.000_signer14.avi,30,46029,382,414,3,14,./whisperx/3_2019_08_Agosto_13-08_cit_23_-_2019-08-13_SENADO_parte_audio_00:06:20.750_00:31:55.000_signer14.json
10000486,./videos_1_avi/3_2019_08_Agosto_13-08_cit_23_-_2019-08-13_SENADO_parte_audio_00:31:58.000_00:54:47.000_signer07.avi,30,41070,382,414,3,7,./whisperx/3_2019_08_Agosto_13-08_cit_23_-_2019-08-13_SENADO_parte_audio_00:31:58.000_00:54:47.000_signer07.json
10000487,./videos_1_avi/3_2019_08_Agosto_13-08_cit_23_-_2019-08-13_SENADO_parte_audio_00:54:49.000_01:08:00.000_signer14.avi,30,23730,382,414,3,14,./whisperx/3_2019_08_Agosto_13-08_cit_23_-_2019-08-13_SENADO_parte_audio_00:54:49.000_01:08:00.000_signer14.json
10000488,./videos_1_avi/3_2019_08_Agosto_14-08_cit_24_-_2019-08-14_SENADO_audio_00:08:30.500_00:26:48.500_signer14.avi,30,32940,384,400,3,14,./whisperx/3_2019_08_Agosto_14-08_cit_24_-_2019-08-14_SENADO_audio_00:08:30.500_00:26:48.500_signer14.json
10000489,./videos_1_avi/3_2019_08_Agosto_14-08_cit_24_-_2019-08-14_SENADO_audio_00:26:51.500_00:45:28.000_signer07.avi,30,33496,384,400,3,7,./whisperx/3_2019_08_Agosto_14-08_cit_24_-_2019-08-14_SENADO_audio_00:26:51.500_00:45:28.000_signer07.json
10000490,./videos_1_avi/3_2019_08_Agosto_14-08_cit_24_-_2019-08-14_SENADO_audio_00:45:31.500_01:06:25.000_signer14.avi,30,37606,384,400,3,14,./whisperx/3_2019_08_Agosto_14-08_cit_24_-_2019-08-14_SENADO_audio_00:45:31.500_01:06:25.000_signer14.json
10000491,./videos_1_avi/3_2019_08_Agosto_14-08_cit_24_-_2019-08-14_SENADO_audio_01:06:28.500_01:26:50.000_signer07.avi,30,36645,384,400,3,7,./whisperx/3_2019_08_Agosto_14-08_cit_24_-_2019-08-14_SENADO_audio_01:06:28.500_01:26:50.000_signer07.json
10000492,./videos_1_avi/3_2019_08_Agosto_14-08_cit_24_-_2019-08-14_SENADO_audio_01:26:52.500_01:33:51.500_signer14.avi,30,12571,384,400,3,14,./whisperx/3_2019_08_Agosto_14-08_cit_24_-_2019-08-14_SENADO_audio_01:26:52.500_01:33:51.500_signer14.json
10000493,./videos_1_avi/3_2019_08_Agosto_14-08_cit_24_-_2019-08-14_SENADO_audio_01:44:37.250_01:59:46.500_signer14.avi,30,27279,384,400,3,14,./whisperx/3_2019_08_Agosto_14-08_cit_24_-_2019-08-14_SENADO_audio_01:44:37.250_01:59:46.500_signer14.json
10000494,./videos_1_avi/3_2019_08_Agosto_14-08_cit_24_-_2019-08-14_SENADO_audio_01:59:50.750_02:19:26.500_signer07.avi,30,35274,384,400,3,7,./whisperx/3_2019_08_Agosto_14-08_cit_24_-_2019-08-14_SENADO_audio_01:59:50.750_02:19:26.500_signer07.json
10000495,./videos_1_avi/3_2019_08_Agosto_14-08_cit_24_-_2019-08-14_SENADO_audio_02:19:29.750_02:33:23.250_signer14.avi,30,25005,384,400,3,14,./whisperx/3_2019_08_Agosto_14-08_cit_24_-_2019-08-14_SENADO_audio_02:19:29.750_02:33:23.250_signer14.json
10000496,./videos_1_avi/3_2019_08_Agosto_14-08_cit_24_-_2019-08-14_SENADO_audio_02:33:26.250_02:42:10.250_signer07.avi,30,15720,384,400,3,7,./whisperx/3_2019_08_Agosto_14-08_cit_24_-_2019-08-14_SENADO_audio_02:33:26.250_02:42:10.250_signer07.json
10000497,./videos_1_avi/3_2019_08_Agosto_14-08_cit_24_-_2019-08-14_SENADO_audio_02:42:12.500_02:54:55.500_signer14.avi,30,22891,384,400,3,14,./whisperx/3_2019_08_Agosto_14-08_cit_24_-_2019-08-14_SENADO_audio_02:42:12.500_02:54:55.500_signer14.json
10000498,./videos_1_avi/3_2019_08_Agosto_14-08_cit_24_-_2019-08-14_SENADO_audio_03:24:31.750_03:37:29.500_signer14.avi,30,23333,384,400,3,14,./whisperx/3_2019_08_Agosto_14-08_cit_24_-_2019-08-14_SENADO_audio_03:24:31.750_03:37:29.500_signer14.json
10000499,./videos_1_avi/3_2019_08_Agosto_14-08_cit_24_-_2019-08-14_SENADO_audio_03:37:33.250_03:52:29.500_signer07.avi,30,26889,384,400,3,7,./whisperx/3_2019_08_Agosto_14-08_cit_24_-_2019-08-14_SENADO_audio_03:37:33.250_03:52:29.500_signer07.json
10000500,./videos_1_avi/3_2019_08_Agosto_20-08_cit_25_-_2019-08-20_SENADO_audio_00:11:40.000_00:35:14.500_signer14.avi,30,42436,382,434,3,14,./whisperx/3_2019_08_Agosto_20-08_cit_25_-_2019-08-20_SENADO_audio_00:11:40.000_00:35:14.500_signer14.json
10000501,./videos_1_avi/3_2019_08_Agosto_20-08_cit_25_-_2019-08-20_SENADO_audio_00:35:17.750_00:56:19.000_signer07.avi,30,37839,382,434,3,7,./whisperx/3_2019_08_Agosto_20-08_cit_25_-_2019-08-20_SENADO_audio_00:35:17.750_00:56:19.000_signer07.json
10000502,./videos_1_avi/3_2019_08_Agosto_20-08_cit_25_-_2019-08-20_SENADO_audio_00:56:21.250_01:15:06.500_signer14.avi,30,33758,382,434,3,14,./whisperx/3_2019_08_Agosto_20-08_cit_25_-_2019-08-20_SENADO_audio_00:56:21.250_01:15:06.500_signer14.json
10000503,./videos_1_avi/3_2019_08_Agosto_20-08_cit_25_-_2019-08-20_SENADO_audio_01:15:09.750_01:30:47.750_signer07.avi,30,28141,382,434,3,7,./whisperx/3_2019_08_Agosto_20-08_cit_25_-_2019-08-20_SENADO_audio_01:15:09.750_01:30:47.750_signer07.json
10000504,./videos_1_avi/3_2019_08_Agosto_20-08_cit_25_-_2019-08-20_SENADO_audio_01:30:50.750_01:53:47.750_signer14.avi,30,41310,382,434,3,14,./whisperx/3_2019_08_Agosto_20-08_cit_25_-_2019-08-20_SENADO_audio_01:30:50.750_01:53:47.750_signer14.json
10000505,./videos_1_avi/3_2019_08_Agosto_20-08_cit_25_-_2019-08-20_SENADO_audio_01:53:51.500_02:11:09.750_signer07.avi,30,31148,382,434,3,7,./whisperx/3_2019_08_Agosto_20-08_cit_25_-_2019-08-20_SENADO_audio_01:53:51.500_02:11:09.750_signer07.json
10000506,./videos_1_avi/3_2019_08_Agosto_20-08_cit_25_-_2019-08-20_SENADO_audio_02:11:12.500_02:32:45.750_signer14.avi,30,38798,382,434,3,14,./whisperx/3_2019_08_Agosto_20-08_cit_25_-_2019-08-20_SENADO_audio_02:11:12.500_02:32:45.750_signer14.json
10000507,./videos_1_avi/3_2019_08_Agosto_20-08_cit_25_-_2019-08-20_SENADO_audio_02:32:49.000_02:49:31.000_signer07.avi,30,30061,382,434,3,7,./whisperx/3_2019_08_Agosto_20-08_cit_25_-_2019-08-20_SENADO_audio_02:32:49.000_02:49:31.000_signer07.json
10000508,./videos_1_avi/3_2019_08_Agosto_20-08_cit_25_-_2019-08-20_SENADO_audio_02:49:33.500_03:15:22.000_signer14.avi,30,46455,382,434,3,14,./whisperx/3_2019_08_Agosto_20-08_cit_25_-_2019-08-20_SENADO_audio_02:49:33.500_03:15:22.000_signer14.json
10000509,./videos_1_avi/3_2019_08_Agosto_20-08_cit_25_-_2019-08-20_SENADO_audio_03:15:25.000_03:32:04.000_signer07.avi,30,29971,382,434,3,7,./whisperx/3_2019_08_Agosto_20-08_cit_25_-_2019-08-20_SENADO_audio_03:15:25.000_03:32:04.000_signer07.json
10000510,./videos_1_avi/3_2019_08_Agosto_20-08_cit_25_-_2019-08-20_SENADO_audio_03:32:06.500_03:52:09.500_signer14.avi,30,36091,382,434,3,14,./whisperx/3_2019_08_Agosto_20-08_cit_25_-_2019-08-20_SENADO_audio_03:32:06.500_03:52:09.500_signer14.json
10000511,./videos_1_avi/3_2019_08_Agosto_20-08_cit_25_-_2019-08-20_SENADO_audio_03:52:13.000_04:09:22.000_signer07.avi,30,30870,382,434,3,7,./whisperx/3_2019_08_Agosto_20-08_cit_25_-_2019-08-20_SENADO_audio_03:52:13.000_04:09:22.000_signer07.json
10000512,./videos_1_avi/3_2019_08_Agosto_20-08_cit_25_-_2019-08-20_SENADO_audio_04:09:25.000_04:31:57.500_signer14.avi,30,40576,382,434,3,14,./whisperx/3_2019_08_Agosto_20-08_cit_25_-_2019-08-20_SENADO_audio_04:09:25.000_04:31:57.500_signer14.json
10000513,./videos_1_avi/3_2019_08_Agosto_20-08_cit_25_-_2019-08-20_SENADO_audio_04:32:03.500_04:52:00.250_signer07.avi,30,35904,382,434,3,7,./whisperx/3_2019_08_Agosto_20-08_cit_25_-_2019-08-20_SENADO_audio_04:32:03.500_04:52:00.250_signer07.json
10000514,./videos_1_avi/3_2019_08_Agosto_20-08_cit_25_-_2019-08-20_SENADO_audio_04:52:02.250_05:13:20.250_signer14.avi,30,38340,382,434,3,14,./whisperx/3_2019_08_Agosto_20-08_cit_25_-_2019-08-20_SENADO_audio_04:52:02.250_05:13:20.250_signer14.json
10000515,./videos_1_avi/3_2019_08_Agosto_20-08_cit_25_-_2019-08-20_SENADO_audio_05:13:25.250_05:31:52.500_signer07.avi,30,33219,382,434,3,7,./whisperx/3_2019_08_Agosto_20-08_cit_25_-_2019-08-20_SENADO_audio_05:13:25.250_05:31:52.500_signer07.json
10000516,./videos_1_avi/3_2019_08_Agosto_20-08_cit_25_-_2019-08-20_SENADO_audio_05:31:55.250_05:53:37.250_signer14.avi,30,39060,382,434,3,14,./whisperx/3_2019_08_Agosto_20-08_cit_25_-_2019-08-20_SENADO_audio_05:31:55.250_05:53:37.250_signer14.json
10000517,./videos_1_avi/3_2019_08_Agosto_20-08_cit_25_-_2019-08-20_SENADO_audio_05:53:41.000_06:00:52.000_signer07.avi,30,12930,382,434,3,7,./whisperx/3_2019_08_Agosto_20-08_cit_25_-_2019-08-20_SENADO_audio_05:53:41.000_06:00:52.000_signer07.json
10000518,./videos_1_avi/3_2019_12_Diciembre_2019-12-04_SENADO_cit_32_audio_00:11:55.000_00:16:56.000_signer17.avi,30,9031,334,390,3,17,./whisperx/3_2019_12_Diciembre_2019-12-04_SENADO_cit_32_audio_00:11:55.000_00:16:56.000_signer17.json
10000519,./videos_1_avi/3_2019_12_Diciembre_2019-12-04_SENADO_cit_33_audio_00:07:58.750_00:28:19.250_signer17.avi,30,36615,372,390,3,17,./whisperx/3_2019_12_Diciembre_2019-12-04_SENADO_cit_33_audio_00:07:58.750_00:28:19.250_signer17.json
10000520,./videos_1_avi/3_2019_12_Diciembre_2019-12-04_SENADO_cit_33_audio_00:28:22.000_02:05:32.250_signer14.avi,30,174908,372,390,3,14,./whisperx/3_2019_12_Diciembre_2019-12-04_SENADO_cit_33_audio_00:28:22.000_02:05:32.250_signer14.json
10000521,./videos_1_avi/3_2019_12_Diciembre_2019-12-04_SENADO_cit_33_audio_02:06:05.000_02:07:51.000_signer14.avi,30,3180,372,390,3,14,./whisperx/3_2019_12_Diciembre_2019-12-04_SENADO_cit_33_audio_02:06:05.000_02:07:51.000_signer14.json
10000522,./videos_1_avi/3_2019_12_Diciembre_2019-12-10_SENADO_cit_34_audio_00:11:26.250_03:04:05.500_signer14.avi,30,310778,394,408,3,14,./whisperx/3_2019_12_Diciembre_2019-12-10_SENADO_cit_34_audio_00:11:26.250_03:04:05.500_signer14.json
10000523,./videos_1_avi/3_2020_06_Junio_05-06_cit_16_-_2020-06-05_SENADO_cit_16_parte_1_audio_00:19:45.500_00:55:02.000_signer17.avi,30,63495,380,428,3,17,./whisperx/3_2020_06_Junio_05-06_cit_16_-_2020-06-05_SENADO_cit_16_parte_1_audio_00:19:45.500_00:55:02.000_signer17.json
10000524,./videos_1_avi/3_2020_06_Junio_05-06_cit_16_-_2020-06-05_SENADO_cit_16_parte_1_audio_00:55:04.750_01:29:24.000_signer07.avi,30,61779,380,428,3,7,./whisperx/3_2020_06_Junio_05-06_cit_16_-_2020-06-05_SENADO_cit_16_parte_1_audio_00:55:04.750_01:29:24.000_signer07.json
10000525,./videos_1_avi/3_2020_06_Junio_05-06_cit_16_-_2020-06-05_SENADO_cit_16_parte_1_audio_01:29:27.000_01:51:29.750_signer17.avi,30,39683,380,428,3,17,./whisperx/3_2020_06_Junio_05-06_cit_16_-_2020-06-05_SENADO_cit_16_parte_1_audio_01:29:27.000_01:51:29.750_signer17.json
10000526,./videos_1_avi/3_2020_06_Junio_05-06_cit_16_-_2020-06-05_SENADO_cit_16_parte_1_audio_01:51:32.750_02:11:10.750_signer07.avi,30,35341,380,428,3,7,./whisperx/3_2020_06_Junio_05-06_cit_16_-_2020-06-05_SENADO_cit_16_parte_1_audio_01:51:32.750_02:11:10.750_signer07.json
10000527,./videos_1_avi/3_2020_06_Junio_05-06_cit_16_-_2020-06-05_SENADO_cit_16_parte_1_audio_02:11:14.000_02:32:35.750_signer17.avi,30,38454,380,428,3,17,./whisperx/3_2020_06_Junio_05-06_cit_16_-_2020-06-05_SENADO_cit_16_parte_1_audio_02:11:14.000_02:32:35.750_signer17.json
10000528,./videos_1_avi/3_2020_06_Junio_05-06_cit_16_-_2020-06-05_SENADO_cit_16_parte_1_audio_02:32:39.000_02:53:51.000_signer07.avi,30,38160,380,428,3,7,./whisperx/3_2020_06_Junio_05-06_cit_16_-_2020-06-05_SENADO_cit_16_parte_1_audio_02:32:39.000_02:53:51.000_signer07.json
10000529,./videos_1_avi/3_2020_06_Junio_05-06_cit_16_-_2020-06-05_SENADO_cit_16_parte_1_audio_02:53:54.750_03:13:51.000_signer17.avi,30,35888,380,428,3,17,./whisperx/3_2020_06_Junio_05-06_cit_16_-_2020-06-05_SENADO_cit_16_parte_1_audio_02:53:54.750_03:13:51.000_signer17.json
10000530,./videos_1_avi/3_2020_06_Junio_05-06_cit_16_-_2020-06-05_SENADO_cit_16_parte_1_audio_03:13:53.750_03:31:55.250_signer07.avi,30,32446,380,428,3,7,./whisperx/3_2020_06_Junio_05-06_cit_16_-_2020-06-05_SENADO_cit_16_parte_1_audio_03:13:53.750_03:31:55.250_signer07.json
10000531,./videos_1_avi/3_2020_06_Junio_05-06_cit_16_-_2020-06-05_SENADO_cit_16_parte_1_audio_03:31:58.750_03:54:18.500_signer17.avi,30,40194,380,428,3,17,./whisperx/3_2020_06_Junio_05-06_cit_16_-_2020-06-05_SENADO_cit_16_parte_1_audio_03:31:58.750_03:54:18.500_signer17.json
10000532,./videos_1_avi/3_2020_06_Junio_05-06_cit_16_-_2020-06-05_SENADO_cit_16_parte_1_audio_03:54:23.500_04:14:07.750_signer07.avi,30,35528,380,428,3,7,./whisperx/3_2020_06_Junio_05-06_cit_16_-_2020-06-05_SENADO_cit_16_parte_1_audio_03:54:23.500_04:14:07.750_signer07.json
10000533,./videos_1_avi/3_2020_06_Junio_05-06_cit_16_-_2020-06-05_SENADO_cit_16_parte_1_audio_04:14:11.000_04:35:29.500_signer17.avi,30,38356,380,428,3,17,./whisperx/3_2020_06_Junio_05-06_cit_16_-_2020-06-05_SENADO_cit_16_parte_1_audio_04:14:11.000_04:35:29.500_signer17.json
10000534,./videos_1_avi/3_2020_06_Junio_05-06_cit_16_-_2020-06-05_SENADO_cit_16_parte_1_audio_04:35:36.250_05:00:13.250_signer07.avi,30,44311,380,428,3,7,./whisperx/3_2020_06_Junio_05-06_cit_16_-_2020-06-05_SENADO_cit_16_parte_1_audio_04:35:36.250_05:00:13.250_signer07.json
10000535,./videos_1_avi/3_2020_06_Junio_05-06_cit_16_-_2020-06-05_SENADO_cit_16_parte_1_audio_05:00:17.250_05:25:16.250_signer17.avi,30,44970,380,428,3,17,./whisperx/3_2020_06_Junio_05-06_cit_16_-_2020-06-05_SENADO_cit_16_parte_1_audio_05:00:17.250_05:25:16.250_signer17.json
10000536,./videos_1_avi/3_2020_06_Junio_05-06_cit_16_-_2020-06-05_SENADO_cit_16_parte_1_audio_05:25:19.500_05:48:51.000_signer07.avi,30,42346,380,428,3,7,./whisperx/3_2020_06_Junio_05-06_cit_16_-_2020-06-05_SENADO_cit_16_parte_1_audio_05:25:19.500_05:48:51.000_signer07.json
10000537,./videos_1_avi/3_2020_06_Junio_05-06_cit_16_-_2020-06-05_SENADO_cit_16_parte_1_audio_05:48:54.000_06:15:03.250_signer17.avi,30,47078,380,428,3,17,./whisperx/3_2020_06_Junio_05-06_cit_16_-_2020-06-05_SENADO_cit_16_parte_1_audio_05:48:54.000_06:15:03.250_signer17.json
10000538,./videos_1_avi/3_2020_06_Junio_05-06_cit_16_-_2020-06-05_SENADO_cit_16_parte_1_audio_06:15:06.250_06:29:48.500_signer07.avi,30,26468,380,428,3,7,./whisperx/3_2020_06_Junio_05-06_cit_16_-_2020-06-05_SENADO_cit_16_parte_1_audio_06:15:06.250_06:29:48.500_signer07.json
10000539,./videos_1_avi/3_2020_06_Junio_05-06_cit_16_-_2020-06-05_SENADO_cit_16_parte_1_audio_06:29:53.250_06:51:27.000_signer17.avi,30,38813,380,428,3,17,./whisperx/3_2020_06_Junio_05-06_cit_16_-_2020-06-05_SENADO_cit_16_parte_1_audio_06:29:53.250_06:51:27.000_signer17.json
10000540,./videos_1_avi/3_2020_06_Junio_05-06_cit_16_-_2020-06-05_SENADO_cit_16_parte_1_audio_06:51:30.500_07:10:56.750_signer07.avi,30,34988,380,428,3,7,./whisperx/3_2020_06_Junio_05-06_cit_16_-_2020-06-05_SENADO_cit_16_parte_1_audio_06:51:30.500_07:10:56.750_signer07.json
10000541,./videos_1_avi/3_2020_06_Junio_05-06_cit_16_-_2020-06-05_SENADO_cit_16_parte_1_audio_07:10:59.250_07:33:54.750_signer18.avi,30,41266,380,428,3,18,./whisperx/3_2020_06_Junio_05-06_cit_16_-_2020-06-05_SENADO_cit_16_parte_1_audio_07:10:59.250_07:33:54.750_signer18.json
10000542,./videos_1_avi/3_2020_06_Junio_05-06_cit_16_-_2020-06-05_SENADO_cit_16_parte_1_audio_07:33:58.000_07:51:32.250_signer07.avi,30,31629,380,428,3,7,./whisperx/3_2020_06_Junio_05-06_cit_16_-_2020-06-05_SENADO_cit_16_parte_1_audio_07:33:58.000_07:51:32.250_signer07.json
10000543,./videos_1_avi/3_2020_06_Junio_05-06_cit_16_-_2020-06-05_SENADO_cit_16_parte_1_audio_07:51:35.500_08:12:37.500_signer18.avi,30,37861,380,428,3,18,./whisperx/3_2020_06_Junio_05-06_cit_16_-_2020-06-05_SENADO_cit_16_parte_1_audio_07:51:35.500_08:12:37.500_signer18.json
10000544,./videos_1_avi/3_2020_06_Junio_05-06_cit_16_-_2020-06-05_SENADO_cit_16_parte_1_audio_08:12:40.000_08:31:36.000_signer07.avi,30,34081,380,428,3,7,./whisperx/3_2020_06_Junio_05-06_cit_16_-_2020-06-05_SENADO_cit_16_parte_1_audio_08:12:40.000_08:31:36.000_signer07.json
10000545,./videos_1_avi/3_2020_06_Junio_05-06_cit_16_-_2020-06-05_SENADO_cit_16_parte_1_audio_08:31:39.500_08:53:51.000_signer18.avi,30,39945,380,428,3,18,./whisperx/3_2020_06_Junio_05-06_cit_16_-_2020-06-05_SENADO_cit_16_parte_1_audio_08:31:39.500_08:53:51.000_signer18.json
10000546,./videos_1_avi/3_2020_06_Junio_05-06_cit_16_-_2020-06-05_SENADO_cit_16_parte_1_audio_08:53:54.000_09:12:30.500_signer07.avi,30,33495,380,428,3,7,./whisperx/3_2020_06_Junio_05-06_cit_16_-_2020-06-05_SENADO_cit_16_parte_1_audio_08:53:54.000_09:12:30.500_signer07.json
10000547,./videos_1_avi/3_2020_06_Junio_05-06_cit_16_-_2020-06-05_SENADO_cit_16_parte_1_audio_09:12:33.500_09:21:55.500_signer18.avi,30,16860,380,428,3,18,./whisperx/3_2020_06_Junio_05-06_cit_16_-_2020-06-05_SENADO_cit_16_parte_1_audio_09:12:33.500_09:21:55.500_signer18.json
10000548,./videos_1_avi/3_2020_06_Junio_05-06_cit_16_-_2020-06-05_SENADO_cit_16_parte_2_audio_00:27:00.000_00:38:08.500_signer18.avi,30,20056,380,428,3,18,./whisperx/3_2020_06_Junio_05-06_cit_16_-_2020-06-05_SENADO_cit_16_parte_2_audio_00:27:00.000_00:38:08.500_signer18.json
10000549,./videos_1_avi/3_2020_06_Junio_05-06_cit_16_-_2020-06-05_SENADO_cit_16_parte_2_audio_00:38:11.250_00:57:53.750_signer07.avi,30,35476,380,428,3,7,./whisperx/3_2020_06_Junio_05-06_cit_16_-_2020-06-05_SENADO_cit_16_parte_2_audio_00:38:11.250_00:57:53.750_signer07.json
10000550,./videos_1_avi/3_2020_06_Junio_05-06_cit_16_-_2020-06-05_SENADO_cit_16_parte_2_audio_00:57:57.000_01:19:27.500_signer18.avi,30,38716,380,428,3,18,./whisperx/3_2020_06_Junio_05-06_cit_16_-_2020-06-05_SENADO_cit_16_parte_2_audio_00:57:57.000_01:19:27.500_signer18.json
10000551,./videos_1_avi/3_2020_06_Junio_05-06_cit_16_-_2020-06-05_SENADO_cit_16_parte_2_audio_01:19:30.500_01:38:21.250_signer07.avi,30,33923,380,428,3,7,./whisperx/3_2020_06_Junio_05-06_cit_16_-_2020-06-05_SENADO_cit_16_parte_2_audio_01:19:30.500_01:38:21.250_signer07.json
10000552,./videos_1_avi/3_2020_06_Junio_05-06_cit_16_-_2020-06-05_SENADO_cit_16_parte_2_audio_01:38:23.250_01:57:51.500_signer18.avi,30,35049,380,428,3,18,./whisperx/3_2020_06_Junio_05-06_cit_16_-_2020-06-05_SENADO_cit_16_parte_2_audio_01:38:23.250_01:57:51.500_signer18.json
10000553,./videos_1_avi/3_2020_06_Junio_05-06_cit_16_-_2020-06-05_SENADO_cit_16_parte_2_audio_01:57:54.000_02:18:03.000_signer07.avi,30,36271,380,428,3,7,./whisperx/3_2020_06_Junio_05-06_cit_16_-_2020-06-05_SENADO_cit_16_parte_2_audio_01:57:54.000_02:18:03.000_signer07.json
10000554,./videos_1_avi/3_2020_06_Junio_05-06_cit_16_-_2020-06-05_SENADO_cit_16_parte_2_audio_02:18:05.750_02:38:00.750_signer18.avi,30,35851,380,428,3,18,./whisperx/3_2020_06_Junio_05-06_cit_16_-_2020-06-05_SENADO_cit_16_parte_2_audio_02:18:05.750_02:38:00.750_signer18.json
10000555,./videos_1_avi/3_2020_06_Junio_05-06_cit_16_-_2020-06-05_SENADO_cit_16_parte_2_audio_02:38:03.500_02:57:38.500_signer07.avi,30,35250,380,428,3,7,./whisperx/3_2020_06_Junio_05-06_cit_16_-_2020-06-05_SENADO_cit_16_parte_2_audio_02:38:03.500_02:57:38.500_signer07.json
10000556,./videos_1_avi/3_2020_06_Junio_05-06_cit_16_-_2020-06-05_SENADO_cit_16_parte_2_audio_02:57:41.500_03:19:27.500_signer18.avi,30,39181,380,428,3,18,./whisperx/3_2020_06_Junio_05-06_cit_16_-_2020-06-05_SENADO_cit_16_parte_2_audio_02:57:41.500_03:19:27.500_signer18.json
10000557,./videos_1_avi/3_2020_06_Junio_05-06_cit_16_-_2020-06-05_SENADO_cit_16_parte_2_audio_03:19:31.000_03:38:45.000_signer07.avi,30,34621,380,428,3,7,./whisperx/3_2020_06_Junio_05-06_cit_16_-_2020-06-05_SENADO_cit_16_parte_2_audio_03:19:31.000_03:38:45.000_signer07.json
10000558,./videos_1_avi/3_2020_06_Junio_05-06_cit_16_-_2020-06-05_SENADO_cit_16_parte_2_audio_03:38:49.000_03:59:34.000_signer18.avi,30,37351,380,428,3,18,./whisperx/3_2020_06_Junio_05-06_cit_16_-_2020-06-05_SENADO_cit_16_parte_2_audio_03:38:49.000_03:59:34.000_signer18.json
10000559,./videos_1_avi/3_2020_06_Junio_05-06_cit_16_-_2020-06-05_SENADO_cit_16_parte_2_audio_03:59:38.000_04:21:13.250_signer07.avi,30,38859,380,428,3,7,./whisperx/3_2020_06_Junio_05-06_cit_16_-_2020-06-05_SENADO_cit_16_parte_2_audio_03:59:38.000_04:21:13.250_signer07.json
10000560,./videos_1_avi/3_2020_06_Junio_05-06_cit_16_-_2020-06-05_SENADO_cit_16_parte_2_audio_04:21:15.750_04:40:34.500_signer18.avi,30,34763,380,428,3,18,./whisperx/3_2020_06_Junio_05-06_cit_16_-_2020-06-05_SENADO_cit_16_parte_2_audio_04:21:15.750_04:40:34.500_signer18.json
10000561,./videos_1_avi/3_2020_06_Junio_05-06_cit_16_-_2020-06-05_SENADO_cit_16_parte_2_audio_04:40:37.250_04:59:56.750_signer07.avi,30,34786,380,428,3,7,./whisperx/3_2020_06_Junio_05-06_cit_16_-_2020-06-05_SENADO_cit_16_parte_2_audio_04:40:37.250_04:59:56.750_signer07.json
10000562,./videos_1_avi/3_2020_06_Junio_05-06_cit_16_-_2020-06-05_SENADO_cit_16_parte_2_audio_05:00:00.500_05:20:53.000_signer18.avi,30,37576,380,428,3,18,./whisperx/3_2020_06_Junio_05-06_cit_16_-_2020-06-05_SENADO_cit_16_parte_2_audio_05:00:00.500_05:20:53.000_signer18.json
10000563,./videos_1_avi/3_2020_06_Junio_05-06_cit_16_-_2020-06-05_SENADO_cit_16_parte_2_audio_05:20:55.750_05:40:55.500_signer07.avi,30,35994,380,428,3,7,./whisperx/3_2020_06_Junio_05-06_cit_16_-_2020-06-05_SENADO_cit_16_parte_2_audio_05:20:55.750_05:40:55.500_signer07.json
10000564,./videos_1_avi/3_2020_06_Junio_05-06_cit_16_-_2020-06-05_SENADO_cit_16_parte_2_audio_05:40:58.250_05:58:52.500_signer18.avi,30,32228,380,428,3,18,./whisperx/3_2020_06_Junio_05-06_cit_16_-_2020-06-05_SENADO_cit_16_parte_2_audio_05:40:58.250_05:58:52.500_signer18.json
10000565,./videos_1_avi/3_2020_06_Junio_05-06_cit_16_-_2020-06-05_SENADO_cit_16_parte_2_audio_05:58:55.250_06:20:11.250_signer07.avi,30,38281,380,428,3,7,./whisperx/3_2020_06_Junio_05-06_cit_16_-_2020-06-05_SENADO_cit_16_parte_2_audio_05:58:55.250_06:20:11.250_signer07.json
10000566,./videos_1_avi/3_2020_06_Junio_05-06_cit_16_-_2020-06-05_SENADO_cit_16_parte_2_audio_06:20:14.250_06:38:35.750_signer18.avi,30,33046,380,428,3,18,./whisperx/3_2020_06_Junio_05-06_cit_16_-_2020-06-05_SENADO_cit_16_parte_2_audio_06:20:14.250_06:38:35.750_signer18.json
10000567,./videos_1_avi/3_2020_06_Junio_05-06_cit_16_-_2020-06-05_SENADO_cit_16_parte_2_audio_06:38:39.250_06:52:00.250_signer07.avi,30,24030,380,428,3,7,./whisperx/3_2020_06_Junio_05-06_cit_16_-_2020-06-05_SENADO_cit_16_parte_2_audio_06:38:39.250_06:52:00.250_signer07.json
10000568,./videos_1_avi/3_2020_06_Junio_05-06_cit_16_-_2020-06-05_SENADO_cit_16_parte_2_audio_06:52:03.250_07:08:00.500_signer18.avi,30,28719,380,428,3,18,./whisperx/3_2020_06_Junio_05-06_cit_16_-_2020-06-05_SENADO_cit_16_parte_2_audio_06:52:03.250_07:08:00.500_signer18.json
10000569,./videos_1_avi/3_2020_06_Junio_05-06_cit_16_-_2020-06-05_SENADO_cit_16_parte_2_audio_07:08:03.000_07:22:58.750_signer07.avi,30,26874,380,428,3,7,./whisperx/3_2020_06_Junio_05-06_cit_16_-_2020-06-05_SENADO_cit_16_parte_2_audio_07:08:03.000_07:22:58.750_signer07.json
10000570,./videos_1_avi/3_2020_06_Junio_05-06_cit_16_-_2020-06-05_SENADO_cit_16_parte_2_audio_07:23:01.750_07:29:11.000_signer18.avi,30,11079,380,428,3,18,./whisperx/3_2020_06_Junio_05-06_cit_16_-_2020-06-05_SENADO_cit_16_parte_2_audio_07:23:01.750_07:29:11.000_signer18.json
